0.00947575,0.01,0.27
0.089394,0.47,1
0.000611692,0.05,0.09
0.44937,0.09,0.87
0.0663242,0.81,0.87
0.586195,0.72,0.92
0.689117,0.68,0.27
0.766643,0.88,0.88
0.835052,0.77,0.52
0.468312,0.6,0.7
0.260098,0.06,0.41
0.442,0.12,0.56
0,0.76,0
0.419726,0.28,0.64
0.215712,0.36,0.23
0.603932,0.42,0.31
0.46552,0.04,0.71
0.572728,0.68,0.25
0.0136281,0.96,0.08
0.146821,0.3,0.93
0.00432772,0.97,0.71
1,0.38,0.54
0.557206,0.38,0.31
5.84E-05,0.31,0.03
0.154434,0.1,0.98
0.571562,0.15,0.81
0.00446509,0.43,0.08
0.449408,0.03,0.77
0.147268,0.61,0.94
0.284135,0.52,0.22
0.732044,0.5,0.76
0.000281073,0.11,0.06
0.0262564,0.82,0.1
0.0077196,0.04,0.18
0.89397,0.84,0.91
1.11E-05,0.3,0.02
0,0.34,0
0.73384,0.79,0.26
4.47E-05,0.85,0.02
0.877651,0.86,0.66
0.87287,0.82,0.81
1,0.42,0.43
0.0362032,0.7,0.9
0.603661,0.21,0.42
0.32142,0.01,0.7
0.345063,0.67,0.81
0.484581,0.83,0.48
1,0.62,0.49
4.50E-05,0.25,0.03
0.00324952,0.77,0.44
0.481376,0.95,0.62
0.0511245,1,0.11
0.137863,0.14,0.27
0.591267,0.24,0.44
0.022476,0.9,0.6
0.125631,0.35,0.2
0.600275,0.23,0.71
0.776585,0.91,0.25
0.00208771,0.96,0.05
0.018907,0.65,0.1
0.723618,0.92,0.34
0.0480447,0.12,0.66
0.0425836,0.29,0.16
0.343721,0.15,0.86
0.712835,0.8,0.79
1,0.6,0.55
0.00319454,0.5,0.07
0.102427,0.41,0.18
0.00585917,0.14,0.12
0.241488,0.82,0.58
0.774206,0.67,0.29
0.77041,0.66,0.97
1,0.38,0.51
1,0.57,0.59
0.00196112,0.55,0.06
0.0223185,0.22,0.83
0.0644578,0.21,0.83
0.00195187,0.1,0.1
0.00894062,0.51,0.09
1,0.37,0.61
0.0135501,0.38,0.11
0.802966,1,0.88
0.159478,0.24,0.24
0.0275113,0.2,0.16
1,0.55,0.5
0,0.64,0
0.00897999,0.72,0.08
0.743406,0.98,0.67
0.83733,0.74,0.33
0.744406,0.91,0.64
0.16989,0.88,0.45
0.154028,0.69,0.88
0.216828,0.58,0.69
0.520238,0.19,1
0.519422,0.28,0.45
0.50793,0.14,0.52
0.800666,0.63,0.31
0.0430908,0.36,0.15
0.537177,0.79,0.23
0.279528,0.24,0.97
0.057568,0.15,0.21
0.0246929,0.12,0.18
0.383341,0.95,0.69
0.0171542,0.07,0.19
0.00935483,0.94,0.93
0.425305,0.82,0.21
0.0120277,0.25,0.59
0.00381073,0.26,0.09
0.000512295,0.01,0.13
0.0356828,0.25,0.16
2.25E-05,0.52,0.02
0.463814,0.07,0.49
0.204744,0.96,0.38
0.452579,0.1,0.58
0.00617227,0.11,0.13
0.929429,0.9,0.31
0.00393722,0.39,0.08
0.804997,0.61,0.98
0.528492,0.7,0.24
0.31713,0.57,0.22
0.12307,0.78,0.46
0.00453518,0.3,0.09
0.00828547,0.68,0.08
0.560872,0.21,0.97
0.727764,0.67,0.83
0.106568,0.26,0.21
0.260805,0.37,0.7
0.403901,0.16,0.74
0.758259,0.59,0.88
0.557179,0.17,0.48
1,0.34,0.48
0.693506,0.64,0.74
0.0583421,0.18,0.2
0.982362,1,0.64
0.431814,0.7,0.59
0,0.37,0
0.578407,0.19,0.46
0.0529295,0.3,0.97
0.00216301,0.24,0.08
0.748951,0.96,0.24
0.137755,0.09,0.68
1,0.48,0.53
1,0.35,0.42
0.618024,0.99,0.22
1,0.53,0.32
0.109907,0.06,0.32
0.51829,0.21,0.37
0.436608,0.75,0.38
1,0.63,0.48
0.297671,0.21,0.3
0.793165,0.83,0.66
0.566147,0.24,0.45
0.071381,0.96,0.43
0.034196,0.6,0.92
1,0.45,0.68
0.557962,0.85,0.36
0,0.55,0
0.164863,0.76,0.64
0.657868,0.69,0.73
0.59914,0.96,0.54
3.73E-05,0.75,0.02
0.0376508,0.75,0.61
0.00104842,0.34,0.06
0.197398,0.12,0.93
1,0.33,0.46
9.94E-05,0.47,0.03
0.09582,0.15,0.24
7.05E-05,0.36,0.03
0.0836925,0.42,1
0.0752428,0.55,0.96
0.393532,0.12,0.9
0.0329223,0.19,0.17
0.599573,0.33,0.34
0.168179,0.06,0.36
1.08E-05,0.07,0.03
0.118694,0.65,0.16
0.178096,0.14,0.29
0.0225027,0.56,0.11
1.41E-05,0.09,0.03
0,0.88,0
0.03393,0.16,0.18
0.886814,0.91,0.32
0.0765557,0.39,0.75
1,0.43,0.52
1,0.54,0.57
0.0281291,0.86,0.1
1,0.54,0.69
0.0569467,0.21,0.19
0.673204,0.96,0.23
0.944684,0.96,0.66
0.177864,0.17,0.94
0.0310402,0.92,0.1
0.202244,0.99,0.99
1.95E-07,0.1,0.01
0.000331994,0.49,0.04
0.00374677,0.84,0.6
0.282644,0.13,0.34
0.57062,0.36,0.32
0.463417,0.12,0.81
0.039404,0.52,0.13
0.533689,0.07,0.57
8.44E-05,0.16,0.04
0.00381096,0.57,0.07
0.313222,0.31,0.61
0.134363,0.85,0.15
1,0.63,0.37
0.0423786,0.88,0.11
0.00395297,0.67,0.9
0.23166,0.13,0.6
0.0439507,0.71,0.12
0.907585,0.89,0.98
0.510242,0.52,0.73
0.372384,0.98,0.61
0.466125,0.18,0.37
0.502488,0.69,0.38
0.000563091,0.72,0.04
0.863113,0.8,0.54
0.0104378,0.8,0.08
0.000266548,0.95,0.03
0.116745,0.24,0.54
0.41145,0.82,0.57
0.442178,0.29,0.31
0.00896583,0.37,0.1
0.783211,0.72,0.56
0.429114,0.02,0.66
0.222577,0.37,0.23
0.0103716,0.9,0.73
0.118131,0.39,0.19
0.936311,0.89,0.52
0.572617,0.17,0.47
1,0.55,0.53
0.038405,0.51,0.13
0.137804,0.11,0.96
0.0481314,0.96,0.11
0.0361245,0.68,0.77
0.586722,0.48,0.29
0.885272,0.85,0.32
1,0.63,0.62
0.206688,0.15,0.72
0.0926727,0.23,0.21
0.585722,0.24,0.38
1,0.41,0.51
0.624936,0.9,0.23
0.804936,0.75,0.94
0.000207198,0.8,0.03
0.169652,0.72,0.87
0.471381,0.89,0.21
0.000418333,0.09,0.07
2.94E-06,0.88,0.01
2.13E-05,0.5,0.02
0.00112125,0.16,0.65
3.43E-05,0.03,0.05
0.0298586,0.23,0.61
0.106127,0.07,0.85
1,0.4,0.62
0.259067,0.55,0.21
0.223921,0.38,0.77
0.249991,0.95,0.17
0.414533,0.1,0.42
0.264716,0.49,0.22
0.238989,0.12,0.61
0.331959,0.64,0.68
0.400964,0.71,0.59
0.362254,0.82,0.2
1,0.59,0.54
0.572679,0.23,0.38
0.21948,0.48,0.21
0.390904,0.16,0.84
0.651309,0.5,0.3
0.0759415,0.68,0.91
0.404799,0.62,0.23
0.013222,0.89,0.6
0.00294306,0.47,0.07
0.147149,0.01,0.55
0.0262,0.7,0.64
0.694249,0.76,0.67
0.638872,0.52,0.74
1,0.42,0.38
0.463959,0.41,0.28
0.0828101,0.89,0.13
0.000319418,0.07,0.07
0.569469,0.31,0.43
0.000130258,0.35,0.92
1,0.52,0.64
0.0410296,0.23,0.17
0,0.54,0
0.13632,0.43,0.99
0.00712087,0.03,0.19
0.508971,0.12,0.44
0.0024919,0.27,0.08
0.455579,0.55,0.25
0.0323533,0.23,0.16
0.0740621,0.67,0.14
0.637021,0.89,0.35
0.0680696,0.14,0.97
0.0633002,0.67,1
0.21228,0.99,0.16
0.608939,0.33,0.68
0.292414,0.27,0.63
0.634673,0.41,0.79
0.173034,0.83,0.97
0.237504,0.55,0.97
0.548404,0.29,0.34
1,0.53,0.45
0.0013453,0.07,0.8
0.0386984,0.33,0.15
0.00501212,0.23,0.1
0.0024109,0.31,0.77
0.0013743,0.72,0.05
0.817704,0.67,0.72
1,0.46,0.5
1,0.46,0.53
0.129853,0.02,0.99
1,0.35,0.39
0.338291,0.24,0.3
0.390785,0.31,0.29
0.137811,0.21,0.24
0.00238426,0.12,0.1
0.515108,0.29,0.33
0.520504,0.27,0.34
0.17238,0.34,0.22
3.62E-08,0.02,0.01
1.67E-06,0.59,0.01
9.05E-05,0.17,0.04
0.204694,0.05,0.4
1,0.7,0.5
0.0772131,0.33,0.95
1,0.48,0.55
0,0,0.75
0.813145,0.85,0.54
0.00443536,0.45,1
0.646074,0.3,0.67
0.529042,0.13,0.44
0.0789436,0.17,0.22
0.498976,0.1,0.46
0.0119298,0.02,0.24
0.910666,0.83,0.52
0.429246,0.87,0.82
0.245362,0.71,0.6
0.219194,0.32,0.24
1,0.51,0.33
0.00061775,0.22,0.06
0.494507,0.06,0.63
0.765209,0.65,0.84
0.528244,0.16,0.41
0.022787,0.99,0.09
0.327807,0.75,0.39
0.0253894,0.2,0.59
0.473588,0.57,0.25
0.19516,0.97,0.56
0.453742,0.96,0.99
0.608786,0.23,0.43
0.193928,0.79,0.17
1,0.52,0.57
0.0229919,0.73,0.43
0.593378,0.66,0.69
0.518458,0.08,0.96
0.0238223,0.22,0.15
0.246339,0.94,0.17
0.533344,0.84,0.56
0.00480558,0.76,0.98
1,0.47,0.66
1,0.61,0.36
0.00439307,0.97,0.06
0.452929,0.4,0.28
0.406476,0.18,0.52
0.330444,0.97,0.45
0.677045,0.36,0.65
0.0012678,0.68,0.05
1.70E-05,0.42,0.02
0.0670305,0.74,0.42
0.697779,0.82,0.25
0.530112,0.26,0.73
0.533573,0.86,0.7
0.212961,0.07,0.37
0.740354,0.86,0.65
0.614863,0.32,0.35
0.694768,0.55,0.9
0.00812838,0.97,0.07
0.114604,0.23,0.63
0.169888,0.81,0.46
0.872764,0.9,0.88
0.605903,0.86,0.77
1,0.4,0.39
0.683628,0.37,0.83
0.0237077,0.09,0.72
0.489223,0.12,0.43
0.00011966,0.54,0.03
0.81163,0.76,0.28
0.00106827,0.13,0.08
1,0.61,0.37
0.0653518,0.18,0.91
0.0394866,0.48,0.99
0.0292364,0.74,0.99
0.0333332,0.13,0.19
0.38035,0.75,0.21
0.585803,0.26,0.68
1.41E-05,0.03,0.04
0.167617,0.6,0.91
0.606239,0.88,0.48
0.000788499,0.48,0.05
0.000242032,0.89,0.03
0.0896054,0.05,0.92
1,0.44,0.59
0.039759,0.48,0.86
1,0.66,0.5
0.260964,0.59,0.69
1,0.59,0.51
0.673501,1,0.62
0.412424,0.83,0.83
0.669986,0.34,1
0.0431103,0.22,0.57
0.585064,0.82,0.56
0.672334,0.84,0.35
0.430934,0.48,0.74
0.0670221,0.92,0.94
0.0828033,0.29,0.19
0.0819086,0.7,0.76
0.635694,0.29,0.69
0.175454,0.99,0.38
0.655656,0.76,0.91
0.534048,0.11,0.85
0.410304,0.13,0.88
0.78451,0.57,0.88
0.219305,0.08,0.36
0.650631,0.39,0.83
0.0431187,0.24,0.17
0.000602735,0.12,0.69
0.00565564,0.96,0.92
0.0350308,0.06,0.79
0.657703,0.96,0.95
0.278218,0.64,0.89
1,0.32,0.53
0.959907,0.92,0.51
0.316935,0.91,0.7
1,0.63,0.49
0.0382687,0.82,0.11
1,0.31,0.53
1,0.34,0.52
0.845258,0.72,0.3
0.371552,0.1,0.83
0.0146368,0.73,0.09
0.157669,0.25,0.85
0.0485657,0.55,0.81
0.339655,0.78,0.2
0.171064,0.39,0.21
0.480231,0.52,0.26
0.836502,0.7,0.7
0.744693,0.88,0.34
0.100474,0.51,0.82
0.45343,0.96,0.36
0.194839,0.8,0.98
0.810008,0.97,0.48
0.246058,0.3,0.49
0.128833,0.01,0.53
0.237868,0.68,0.19
0.540977,0.46,0.81
0.263871,0.64,0.2
0.0103628,0.23,0.12
0.945755,0.9,0.29
0.12137,0.34,0.2
0.07445,0.11,0.75
0.00277405,0.03,0.15
1,0.45,0.61
0.0102031,0.29,0.97
1,0.58,0.5
1,0.46,0.57
1,0.47,0.42
0.00237142,0.02,0.16
0.485886,0.43,0.28
0.402738,0.89,0.2
1,0.42,0.52
0.819171,0.65,0.33
0.474882,0.11,0.56
0.199443,0.15,0.88
0.0115302,0.45,0.1
0.462429,0.37,0.29
0.870074,0.85,0.99
0.971849,0.96,0.51
0.824133,0.89,0.33
0.0731402,0.23,0.81
0.166879,0.01,0.57
0.267914,0.1,0.36
0.224124,0.13,0.75
0.0103847,0.57,0.09
0.206405,0.93,0.61
0.092664,0.04,0.34
0.751487,0.62,0.85
0.576603,0.38,0.8
0.729454,0.73,0.68
0.164432,0.1,0.79
0.536697,0.64,0.25
0.794595,0.65,0.71
1,0.37,0.56
1,0.56,0.49
0.541814,0.55,0.91
1,0.33,0.48
0.0571174,0.45,0.15
0.491303,0.1,0.92
0.96889,0.94,0.29
0.46892,0.23,0.76
0.155198,0.29,0.6
0,0,0.25
0.0100913,0.3,0.11
0.769686,0.59,0.31
0.159357,0.37,0.71
0.696566,0.44,0.93
1,0.4,0.6
0.26538,0.59,0.78
0.688931,0.81,0.25
0.000146418,0.06,0.06
1,0.62,0.37
0.226595,0.29,0.25
0.411121,0.56,0.24
0.0889888,0.17,0.87
0.000882215,0.98,0.04
0.269105,0.65,0.2
0.695026,0.8,0.5
0.0241887,0.08,0.2
1,0.48,0.51
0.345665,0.94,0.37
0.987781,0.98,0.5
0.750871,0.62,0.74
1,0.47,0.51
0.158966,0.05,0.94
0.534698,0.08,0.95
0.0192548,0.84,0.61
0.351585,0.85,0.71
0.293474,0.43,0.98
0.347521,0.54,0.98
0.71466,0.88,0.77
0.0773799,0.39,0.17
1,0.44,0.34
1,0.49,0.35
4.28E-05,0.24,0.03
0.00152511,0.59,0.93
0.046266,0.36,0.9
0.122599,0.56,0.17
0.0016797,0.49,0.06
0.789651,0.72,0.84
0.28022,0.2,0.81
1,0.36,0.47
0.108616,0.51,0.17
0.584639,0.7,0.58
0.0802203,0.88,0.61
0.000486185,0.68,0.9
1,0.56,0.65
0.34385,0.66,0.99
0.373727,0.93,1
0.819602,0.96,0.25
0.00200828,0.15,0.09
0.468909,0.29,0.72
0.914417,0.83,0.3
0.0411276,0.11,0.21
1,0.56,0.52
1,0.43,0.46
0.414243,0.17,0.73
1,0.63,0.53
0.723622,0.93,0.24
0.165265,0.78,0.77
0.00181835,0.52,0.06
0.39357,0.19,0.34
0.534721,0.12,0.83
0.893361,0.91,0.65
1,0.38,0.46
0.000803119,0.92,0.04
0.000456707,0.62,0.04
0.510002,0.08,0.5
0.790337,0.76,0.83
0.0699402,0.03,0.34
0.524997,0.05,0.61
0.268432,0.3,0.26
0,0,0.38
0.0552711,0.05,0.28
0.0135174,0.33,0.94
0.760769,0.82,0.26
1,0.33,0.57
0.303944,0.82,0.19
0.000777481,0.9,0.04
0.525135,0.22,0.47
0.697399,0.99,0.23
0.0117352,0.04,0.2
0.813807,0.84,0.99
0.113174,0.36,0.72
0.679216,0.78,0.56
0.506808,0.09,0.48
0.885432,0.85,0.28
0.290323,0.69,0.2
0.720103,0.84,0.78
0.0488724,0.97,0.11
1,0.38,0.52
0.946655,0.98,0.64
0.0722105,0.75,0.99
0.535268,0.25,0.89
0.0162136,0.57,0.82
0.84534,0.8,0.28
0.0163547,0.44,0.11
0.0298835,0.43,1
0.251593,0.74,0.9
0.198968,0.01,0.6
1,0.61,0.47
0.189866,0.84,0.58
0.32253,0.96,0.94
0.40067,0.5,0.73
1,0.61,0.63
1.74E-07,0.09,0.01
0.427385,0.73,0.22
0.563643,0.99,0.89
1.02E-05,0.28,0.02
0.00573698,0.52,0.08
1,0.48,0.44
0.961073,0.93,0.78
5.52E-05,0.98,0.02
0.0197961,0.59,0.8
0.0154989,0.76,0.09
0.535475,0.17,0.49
0.831187,0.75,0.55
0.0127078,0.1,0.16
0.73753,0.71,0.72
1,0.53,0.51
0.00603544,0.54,0.08
1,0.4,0.54
0.093058,0.32,0.19
0.0321863,0.48,0.84
0.324585,0.96,0.37
0.552882,0.79,0.94
0.15212,0.17,0.86
0.545803,1,0.21
0.000847987,0.17,0.07
1,0.64,0.63
0.841233,0.73,0.82
0.11087,0.42,0.74
0.2804,0.06,0.42
0.0523011,0.42,0.15
0.00670804,0.07,0.15
0.00537566,0.73,0.07
0.793864,0.98,0.33
0.00309987,0.8,0.75
0.468077,0.48,0.89
0.862757,0.74,0.7
0.44435,0.96,0.2
0.843209,0.73,0.55
0.104963,0.86,0.14
0.0577385,0.88,0.95
0.733,0.86,0.25
0.981405,0.99,0.3
0.115075,0.08,0.3
0.838837,0.74,0.94
0.910395,0.91,0.67
1,0.36,0.48
0.417272,0.4,0.99
0.408327,0.03,0.58
0.38361,0.07,0.45
1,0.49,0.41
0.0140734,0.71,0.09
0.36329,0.13,0.37
1,0.58,0.56
0.766982,0.78,0.67
0.473367,0.37,0.68
0.398516,0.16,0.36
0.19065,0.75,0.74
0.512388,0.05,0.64
0.853553,1,0.25
1,0.62,0.65
0.0385603,0.47,0.71
1,0.34,0.5
0.00030265,0.04,0.08
1,0.44,0.36
0.36838,0.81,0.38
0.308603,0.01,0.69
0.344059,0.61,0.22
1,0.57,0.54
0.325819,0.36,0.26
0.632522,0.3,0.41
0.543466,0.54,0.78
0.0151537,0.28,0.98
1,0.41,0.4
0.429046,0.2,0.93
0.532898,0.27,0.45
0.364874,0.97,0.99
0.0368733,0.78,0.42
0.882792,0.96,0.32
0.0335763,0.15,0.63
0.690391,0.5,0.92
0.181174,0.55,0.19
0.471378,0.26,0.66
0.623059,0.49,0.93
0.545615,0.11,0.48
0.164519,0.69,0.61
0.0872799,0.26,0.97
1,0.36,0.56
0.0113507,0.33,0.11
0.156353,0.05,0.78
0.797514,0.6,0.87
0.00550734,0.18,0.11
0.205742,0.95,1
0.123148,0.81,0.59
0.525692,0.13,0.52
0.737196,0.72,0.52
0.28846,0.19,0.69
0.0484177,0.21,0.63
0.937605,0.92,0.28
1,0.6,0.66
0.631597,0.87,0.55
0.388165,0.16,0.98
0.0411793,0.19,0.18
0.177469,0.74,0.17
0.0522572,0.45,0.72
0.229732,0.02,0.95
0.602951,0.21,0.95
0.474946,0.42,0.28
0.0168396,0.45,0.11
0.370479,0.99,0.45
0.415222,0.12,0.8
0.221323,0.87,0.17
0.00183251,0.02,0.15
0.0480259,0.05,0.27
0.00174092,0.09,0.1
1,0.61,0.5
1,0.37,0.57
0.0267195,0.83,0.1
1.12E-05,0.01,0.05
0.200655,0.81,0.17
0.0106333,0.58,0.09
0.112959,0.32,0.2
0.506663,0.2,0.94
1,0.48,0.52
0.503374,0.79,0.37
2.46E-06,0.08,0.02
0.472417,0.74,0.58
0.721529,0.76,0.51
0.22242,0.47,0.88
1,0.6,0.52
0.38029,0.27,0.48
0.585613,0.54,0.87
0.30953,0.89,0.82
1,0.65,0.44
1,0.44,0.31
0.00026644,0.2,0.05
0.00109631,0.44,0.87
0.479939,0.76,0.79
0.757266,0.76,0.94
0.81858,0.81,1
0,0.8,0
0.670253,0.56,0.29
0.393029,0.12,0.39
0.00680672,0.59,0.08
1,0.39,0.36
0.0693072,0.13,0.64
0.000192465,0.76,0.03
0.184372,0.33,0.96
0.21167,0.52,0.94
0.423324,0.11,0.82
0.0452889,0.46,0.87
1,0.38,0.59
0.000246513,0.39,0.04
1,0.63,0.45
1,0.48,0.41
2.13E-06,0.07,0.02
0.435429,0.09,0.6
6.80E-05,0.35,0.03
0.225148,0.18,0.69
0.0125376,0.13,0.95
0.00302604,0.48,0.07
0.000543473,0.36,0.05
0.00662374,0.7,0.44
1,0.47,0.31
0.00184712,0.21,0.08
1,0.42,0.37
0.556298,0.17,0.76
0.529268,0.38,0.67
0.63861,0.28,0.89
1,0.65,0.41
4.90E-06,0.15,0.02
0.0663535,0.18,0.66
0.0177776,0.74,0.43
0.723238,0.93,0.48
1,0.56,0.48
0.0287469,0.52,0.12
0.17305,0.23,0.87
0.260375,0.7,0.66
0.0543601,0.66,0.13
0.153835,0.02,0.98
1,0.64,0.55
0.939636,0.9,0.98
0.279277,0.37,0.78
0.28519,0.16,0.56
0.0188292,0.49,0.11
4.77E-07,0.22,0.01
0,0,0.81
0.342949,0.28,0.74
0.495928,0.07,0.51
0,1,0
0.0302845,0.91,0.83
0.574419,0.23,0.45
6.03E-06,0.32,0.94
0.0846973,0.25,0.2
2.90E-19,1,1
8.70E-05,0.02,0.07
0.137138,0.61,0.17
0.0011147,0.62,0.05
0.56057,0.66,0.94
0.0390209,0.15,0.19
1,0.41,0.5
1,0.57,0.51
0.0210381,0.67,0.63
1,0.46,0.4
0.150916,0.85,0.72
0.815082,0.66,0.71
0,0.91,0
0.193838,0.58,0.19
0.564592,0.69,0.68
0.52528,0.97,0.21
0.451214,0.25,0.88
0.676586,0.49,0.9
0.552303,0.11,0.49
0.123004,0.77,0.77
0.000520417,0.19,0.06
0.636689,0.55,0.99
0.579358,0.22,0.39
1,0.55,0.36
1,0.49,0.44
0.0434927,0.56,0.13
0.00277743,0.79,0.97
0.325728,0.75,0.9
1,0.56,0.45
0.0382336,0.75,0.87
0.844196,0.94,0.64
1,0.31,0.54
0.337476,0.76,0.73
0.83409,0.84,0.33
0.0729689,0.89,0.85
0.629088,0.32,0.68
1,0.53,0.48
0.0109259,0.32,0.11
0.877395,0.93,0.67
0.0105016,0.15,0.67
1,0.41,0.63
0.407988,0.09,0.43
0.923896,0.89,0.99
0.702218,0.5,0.78
0.229479,0.38,0.23
1,0.64,0.52
0.634991,0.27,0.4
0.905607,0.82,0.31
0.0758644,0.73,0.42
0.595486,0.96,0.22
0.19973,0.2,0.82
0.025159,0.47,0.12
0.0157909,0.77,0.09
0.0595068,0.57,0.14
0.433662,0.06,0.66
0.306176,0.85,0.76
0.663692,0.65,0.98
0.549155,0.14,0.5
0.423019,0.16,0.53
0.38306,0.3,0.91
0.579101,0.89,0.81
1,0.46,0.32
0.295697,0.7,0.2
0.310117,0.27,0.75
0.266775,0.94,0.56
0.0966588,0.99,0.13
1,0.55,0.48
1,0.5,0.31
0.00015656,0.9,0.42
0.896186,0.86,0.8
0.550497,0.2,0.47
0.227269,0.29,0.61
0.123749,0.72,0.9
0.0225666,0.21,0.15
0.394939,0.21,0.33
0.265654,0.31,0.73
0.0778759,0.74,0.75
1,0.4,0.42
9.63E-07,0.39,0.01
0.0374024,0.84,0.44
0.0826113,0.01,0.47
0.0267428,0.71,0.62
1,0.66,0.61
0.238814,0.79,0.18
0.00103729,0.22,0.6
0.140602,0.25,0.53
1,0.52,0.67
0.00664959,0.58,0.08
0.208309,0.4,0.22
0.141976,0.74,0.41
1,0.53,0.47
1,0.44,0.33
0.49162,0.08,0.97
0.232087,1,0.6
0.670748,0.48,0.76
1,0.38,0.62
0.179769,0.03,0.44
0.012836,0.96,0.71
0.0386542,0.25,0.6
0.0663853,0.24,0.19
1,0.58,0.43
0.282225,0.32,0.81
0.0894647,0.83,0.62
0.455435,0.94,0.55
0.937272,0.9,0.78
0.0264505,0.01,0.35
0.177589,0.64,0.77
0.0781308,0.12,0.65
0.895564,0.92,0.67
1,0.41,0.53
0.388804,0.11,0.92
0.19075,0.14,0.73
1,0.5,0.44
0.632584,0.68,0.26
0.556042,0.52,1
0.000765898,0.24,0.58
0.0244312,0.12,0.67
0.0215027,0.8,0.97
0.013418,0.95,0.08
0.131388,0.5,0.18
0.00363537,0.25,0.09
0.639155,0.28,0.69
0.573683,0.89,0.87
0.144295,0.3,0.81
0.428613,0.52,0.25
0.27719,0.62,0.77
0.0578124,0.06,0.27
0.118097,0.38,0.88
0.915159,0.98,0.97
0.800272,0.66,0.84
0.137184,0.06,0.34
0.0664177,0.9,0.58
0.0305782,0.7,0.11
0.391304,0.23,0.77
0.617489,0.28,0.42
0.488931,0.05,0.66
0.656271,0.83,0.7
0.000446568,0.61,0.04
0.0932629,0.38,0.18
0.49144,0.39,0.67
1,0.57,0.44
0.513736,0.36,0.68
1,0.68,0.51
0.000505739,0.34,0.05
0.413863,0.41,0.77
0.610499,0.98,0.22
0.959983,0.92,0.78
0.787616,0.61,0.87
0.0441179,0.04,0.28
0.35303,0.25,0.87
0.697942,0.84,0.55
0.593147,0.35,0.82
1.78E-06,0.62,0.01
0.0198567,0.19,0.6
0.690514,0.7,0.52
0.670068,0.66,0.27
0.286205,0.94,1
0.000690609,0.83,0.04
0.00285616,0.1,0.11
0.689753,0.89,0.24
0.364548,0.64,0.22
0.561049,0.5,0.28
0.893622,0.79,0.31
0.111838,0.44,0.18
1.93E-05,0.12,0.03
0.921865,0.87,0.31
0.837485,0.81,0.33
0.531091,0.19,0.73
0.824796,0.65,0.85
1,0.49,0.31
0.825223,0.86,0.5
0.236089,0.16,0.57
1,0.54,0.59
0.0617963,0.16,0.21
1,0.4,0.67
0.197282,0.8,0.17
0.824824,0.65,0.32
0.0179206,0.11,0.17
5.86E-07,0.13,0.68
0.512108,0.03,0.71
0.0343351,0.76,0.11
0.0149299,0.41,0.11
0.185565,0.9,0.16
1,0.58,0.36
0.27763,0.51,0.22
0.112166,0.26,0.78
0.851788,0.87,1
0.0436155,0.77,0.42
0.0804829,0.1,0.77
1,0.67,0.58
0.114428,0.34,0.73
0.839416,0.89,0.65
0.129356,0.42,0.19
0.817351,0.71,0.84
0.629467,0.32,0.87
0.403191,0.62,0.69
0.303638,0.77,0.39
0.249067,0.66,0.76
0.412718,0.04,0.54
1,0.39,0.55
0.405273,0.21,0.99
0.00187035,0.33,0.07
0,0.08,0
0.0865592,0.75,0.14
0.153036,0.04,0.39
0,0.38,0
0.00927687,0.28,0.11
0.91733,0.98,0.66
0.425639,0.07,0.47
0.542655,0.1,0.9
0.0600581,0.22,0.19
0.701265,0.6,0.75
0.040025,0.17,0.88
0.166087,0.37,0.77
0.113522,0.12,0.64
0.25066,0.76,0.59
1,0.58,0.65
0.0524887,0.7,0.99
1,0.39,0.61
0.261062,0.98,0.17
0.322048,0.06,0.44
1,0.43,0.68
0.479118,0.08,0.48
0.119758,0.55,0.17
1,0.46,0.6
0.84799,0.92,0.26
0.497747,0.74,0.23
0.169719,0.13,0.74
0.0276626,0.72,0.88
0.653546,0.79,0.83
1,0.44,0.65
0.0274121,0.09,0.2
0.358061,0.17,0.34
0.169377,0.02,0.48
0.762694,0.84,0.34
1,0.46,0.66
0.62877,0.78,0.94
0.0198539,0.51,0.11
0.0113419,0.09,0.16
0.604452,0.52,0.88
0.0444994,0.91,0.11
0.528619,0.87,0.22
0.210402,0.31,0.81
0.12594,0.2,0.83
1,0.43,0.42
7.84E-05,0.15,0.04
1,0.52,0.6
0.190168,0.37,0.22
1,0.36,0.38
0.583273,0.57,0.9
0.0238903,0.98,0.4
0.886344,0.81,0.29
1,0.51,0.38
0.00574117,0.03,0.18
0.649747,0.31,0.87
0.0329371,0.24,0.84
0.550614,0.51,0.79
0.748636,0.51,0.9
0.332913,0.85,0.97
0.933375,0.87,0.52
0.480421,0.36,0.96
0.0808134,0.24,0.2
1,0.6,0.57
1,0.45,0.35
0.000214738,0.82,0.03
0,0.49,0
0.130685,0.2,0.24
2.30E-05,0.53,0.02
0.59121,0.34,0.63
1,0.64,0.37
0.290261,0.03,0.51
0.03406,0.59,0.12
0.345267,0.79,0.2
0.000122127,0.1,0.05
0.0698536,0.79,0.13
0.134709,0.75,0.64
0.211587,0.31,0.24
0.367727,0.73,0.21
0.103097,0.52,0.7
4.32E-05,0.83,0.02
1,0.56,0.32
0.0889768,0.08,0.28
0.608515,0.46,0.3
0.261714,0.71,0.91
0.556957,0.6,0.26
0.420128,0.09,0.96
0.104084,0.01,0.5
0.0538515,0.99,0.7
0.581065,0.17,1
0.67299,0.51,0.78
0.445726,0.14,0.54
1,0.32,0.52
0,0.83,0
0.343365,0.72,0.66
4.24E-05,0.82,0.02
0.20405,0.82,0.17
0.268729,0.81,0.58
0.923986,0.88,0.89
0.00066935,0.1,0.73
0.377727,0.57,0.78
1,0.43,0.51
0.0224135,0.43,0.12
0.300093,0.06,0.93
1,0.48,0.31
0.961503,0.93,0.88
0.00187748,0.15,0.65
0.799869,0.64,0.86
0.500776,0.1,0.86
0.0617843,0.26,0.6
1,0.6,0.63
1,0.46,0.65
0.340344,0.04,0.5
1,0.58,0.54
0.0542762,0.16,0.89
0.138086,0.14,0.72
0.678697,0.68,0.69
0.0121732,0.64,0.09
0.575988,0.62,0.26
0.0905899,0.53,0.16
1,0.66,0.53
0.0510887,0.4,0.71
0.102184,0.99,0.43
0.473083,0.94,0.36
1,0.59,0.47
0.116899,0.7,0.65
0.65046,0.33,0.67
0.776519,0.72,0.28
0.67733,0.36,0.83
1,0.47,0.53
0.848571,0.74,0.53
0.549178,0.31,0.64
0,0,0.64
0.592515,0.41,0.31
0.166058,1,0.38
0.572872,0.16,0.44
0.0213703,0.25,0.56
1,0.52,0.48
0.661628,0.44,0.95
0.117019,0.77,0.15
0.00358097,0.78,0.43
0.491938,0.74,0.85
0.805422,0.85,0.5
0.00103438,0.02,0.13
0.324091,0.24,0.77
0.356404,0.41,0.92
0.85446,0.81,0.67
1,0.46,0.38
0.758837,0.8,0.7
0.401765,0.27,0.74
0.794954,0.88,1
0.0137797,0.17,0.62
0.102045,0.82,0.59
0.321077,0.15,0.34
0.776729,0.58,0.87
0.364955,0.26,0.3
0.4397,0.53,0.79
0.570961,0.16,0.78
0.185367,0.56,0.19
0.380993,0.99,0.84
1,0.43,0.44
0.425255,0.66,0.68
0.0264193,0.63,0.11
0.343882,0.95,0.74
0.042924,0.06,0.25
0.0697768,0.98,0.12
0.0536716,0.86,0.44
4.70E-05,0.88,0.02
1,0.51,0.45
0.55304,0.81,0.23
0.00635092,0.82,0.07
0.00285297,0.44,1
1,0.54,0.68
0.563517,0.24,0.37
0.319366,0.1,0.82
0.0817589,0.63,0.78
0.489589,0.3,0.45
0.131306,0.22,0.81
0.431078,0.03,0.78
0.883968,0.95,0.32
4.39E-05,0.84,0.02
0.822241,0.66,0.33
0.000305395,0.46,0.04
0.0301018,0.76,0.45
0.749297,0.69,0.28
0.0230473,0.57,0.11
0.138843,0.87,0.15
0.655752,0.34,0.36
0.826123,0.66,0.85
0.750084,0.68,0.35
0.0119913,0.26,0.12
0.00406897,0.93,0.42
0.885327,0.78,0.3
0.610085,0.3,0.42
0.452417,0.8,0.89
0.866139,0.75,0.32
0.390419,0.13,0.38
0.0946104,0.51,0.98
0.313782,0.84,0.19
0.081427,0.59,0.15
0.361277,0.08,0.64
0.169351,0.53,0.85
0.839346,0.68,0.84
0.394389,0.45,0.75
0.578327,0.29,0.35
0.0644126,0.93,0.71
0.20302,0.45,0.21
0.523413,0.67,0.38
6.08E-05,0.32,0.03
0.836887,0.92,0.53
0.232843,0.07,0.88
2.38E-06,0.76,0.01
0.00112078,0.29,0.56
0.0345021,0.47,0.13
0.347296,0.8,0.84
0.778094,0.57,1
0.787035,0.79,0.51
0.000122667,0.55,0.03
1.49E-05,0.38,0.02
0.813597,0.88,0.26
0.0252061,0.02,0.29
0.41964,0.51,0.25
0.0872926,0.36,0.18
0.233187,0.28,0.5
0.458108,0.87,0.21
0.360058,0.8,0.72
0.0131002,0.37,0.11
0.203272,0.7,0.18
0.326151,0.19,0.53
0.0233397,0.75,0.45
0.294116,0.41,0.68
1,0.5,0.54
1,0.59,0.36
0.375702,0.03,0.56
0.0378601,0.03,0.29
0.0637402,0.93,0.84
0.000824819,0.28,0.06
1,0.55,0.37
0.876299,1,0.32
0.0262551,0.3,0.14
0.585586,0.25,0.44
0.137617,0.08,0.7
0.228518,0.16,0.3
0.297051,0.33,0.26
0.000803296,0.03,0.11
0.00811105,0.72,0.45
0.486466,0.15,0.52
0.299009,0.43,0.84
0.374109,0.89,0.96
0.421444,0.19,0.71
0.670996,0.79,0.5
0.0814347,0.34,0.18
0.223669,0.17,0.7
0.0469167,0.02,0.34
0,0.57,0
0.989114,0.98,0.65
1,0.68,0.48
0.0320132,0.87,0.41
0.352282,0.64,0.76
0.175541,0.06,0.74
0.835229,0.7,0.84
0.403686,0.76,0.9
0.00622082,0.2,0.11
0.727548,0.52,0.75
0.862905,0.94,0.89
0,0.26,0
0.39496,0.25,0.95
0.0767048,0.84,0.75
0.0197924,0.9,0.09
1,0.39,0.62
0.916207,0.96,0.96
0.464929,0.92,1
0.818723,0.91,0.33
0.766954,0.56,0.74
0.663885,0.83,0.82
0.839066,0.7,0.54
0.0543804,0.9,0.93
0.562082,0.16,0.43
0.0603532,0.72,0.64
0.149418,0.77,0.16
0.60738,0.95,0.75
0.0981083,0.82,0.14
0.047466,0.75,0.12
0.000218551,0.83,0.03
0.301099,0.71,0.2
1,0.42,0.63
0.309232,0.74,0.59
0.977975,0.96,0.77
0.844167,0.87,0.5
0.25349,0.62,0.2
0.024711,0.6,0.11
0.0473325,0.09,0.23
0.896009,0.98,0.88
1,0.45,0.38
0.737963,0.75,0.56
0.397232,0.31,0.62
0.230575,0.26,0.26
0.00905227,0.72,0.89
0.000230162,0.86,0.03
0.20968,0.27,0.25
0.206799,0.18,0.93
9.58E-05,0.04,0.06
0.0571549,0.81,0.97
0.109112,0.85,0.75
0.632853,0.28,0.41
0.0980923,1,0.13
1,0.48,0.5
1,0.47,0.64
0.879347,0.89,0.5
0,0.77,0
0.932941,0.87,0.99
0.00110227,0.09,0.74
0.571293,0.25,0.93
0.00118056,0.52,0.96
0.495634,0.08,0.49
0.324541,0.03,0.53
0.217137,0.62,0.9
1,0.36,0.59
0.350905,0.8,0.2
1,0.67,0.54
1.28E-05,0.62,0.92
0.361205,0.2,0.8
1,0.55,0.52
0.0015088,0.87,0.42
0.10318,0.49,0.17
0.193759,0.27,0.95
0.378127,0.52,0.24
0.000199588,0.33,0.04
0.583423,0.82,0.65
0.609257,0.38,0.66
0.350693,0.63,0.89
0.182451,0.08,0.84
5.10E-05,0.93,0.02
0.779229,0.56,1
0.00719094,0.47,0.99
0.467796,0.34,0.3
1,0.44,0.43
2.61E-07,0.13,0.01
0.433366,0.68,0.87
0.743507,0.83,0.99
0.399472,0.78,0.21
0.234136,0.78,0.85
0.367872,0.12,0.58
0.540364,0.4,0.3
0.637131,0.3,0.88
0.270476,0.29,0.49
0.00500455,0.01,0.23
0.528285,0.57,0.26
0.754097,0.86,0.34
0.176159,0.23,0.99
0.456948,0.23,0.9
1,0.52,0.43
1,0.42,0.64
0,0,0.6
1,0.53,0.5
0.0777711,0.57,0.15
0.0250576,1,0.57
0.759842,0.52,0.9
0.0836221,0.41,0.9
0.582736,0.37,0.32
0.116583,0.18,0.24
0.110953,0.1,0.67
0.489214,0.11,0.9
0.582103,0.87,0.48
0,0.18,0
0.000474055,0.82,0.96
1,0.5,0.56
0.456866,0.53,0.99
0.383428,0.87,0.63
0.0577068,0.69,0.62
1,0.59,0.6
1,0.53,0.4
0.691884,0.54,0.3
0.457032,0.33,0.7
1,0.37,0.36
0.54526,0.26,0.45
0.302155,0.94,0.18
0.529488,0.26,0.88
0.645853,0.3,0.38
0.0996614,0.57,0.16
1,0.66,0.39
0.293662,0.18,0.94
0.176038,0.07,0.35
0.376565,0.19,0.52
0.394123,0.22,0.98
1,0.46,0.48
0.17895,0.64,0.67
0.143556,0.29,0.22
0.384796,0.06,0.47
0.279501,0.22,0.29
1,0.53,0.39
0.219206,0.91,0.45
0.482861,0.6,0.96
0.431401,0.05,0.69
0.106852,0.4,0.87
0.864305,0.78,0.29
0.637912,0.29,0.38
0.655938,0.37,0.97
1,0.37,0.41
0.23466,0.14,0.89
0.00141151,0.2,0.86
0.003795,0.02,0.18
0.673657,0.72,0.57
0.0995901,0.16,0.6
0.391209,0.79,0.38
1,0.64,0.5
0.132097,0.5,0.86
1,0.51,0.52
0.569442,0.22,0.75
3.06E-05,0.18,0.03
0.153557,0.2,0.66
0.67746,0.83,0.89
0.338796,0.89,0.19
0.524924,0.72,0.67
0.00549241,0.35,0.09
0.931463,0.96,0.27
0.69745,0.75,0.26
0.000969583,0.56,0.05
0.451812,0.96,0.8
0.195217,0.12,0.62
0.792741,0.59,0.99
0.243396,0.4,0.23
4.31E-05,0.01,0.07
0.141521,0.53,0.18
0.00310928,0.27,0.56
1,0.65,0.42
0.271473,0.15,0.87
0.216133,0.87,0.93
0.371117,0.27,0.64
0.626148,0.39,0.8
0.672796,0.71,0.85
0.534647,0.28,0.34
0.00450294,0.21,0.1
1,0.45,0.55
0.114562,0.04,0.36
0.535988,0.88,0.22
0.16751,0.64,0.81
0.423747,0.19,0.51
0.0247763,0.76,0.61
0.173306,0.28,0.51
1,0.41,0.61
1,0.5,0.32
0.0201041,0.19,0.15
0.0553736,0.54,0.14
0.0301542,0.54,0.96
0.0447895,0.86,0.61
5.35E-05,0.96,0.02
0.22818,0.22,0.53
0.00180009,0.32,0.07
1.30E-06,0.49,0.01
1,0.34,0.6
0,0.67,0
0.418461,0.21,0.5
0.533178,0.91,0.55
0.555109,0.13,0.46
0.0702858,0.35,0.77
0.544412,0.37,1
0.816134,0.95,0.89
0.0636138,0.92,0.12
0.0328881,0.01,0.37
1,0.57,0.53
0.130608,0.93,0.39
0.0224507,0.68,1
0.114187,0.02,0.43
0.269704,0.56,0.7
0.886386,0.92,0.32
0.00045381,0.07,0.79
1,0.69,0.56
0.268133,0.79,0.64
0.247799,0.73,0.4
1,0.45,0.67
0.720117,0.67,0.97
0.0830502,0.36,0.93
0.000469066,0.1,0.07
0.146124,0.64,0.17
0.375284,0.79,0.89
0.524615,0.16,1
0,0.36,0
1,0.48,0.38
0.0134445,0.91,0.41
0.289261,0.41,0.24
0.157925,0.11,0.3
0.111613,0.2,0.23
0.0101459,0.91,0.72
0.0185204,0.86,0.09
9.66E-05,0.18,0.04
0.31171,0.86,0.38
0.211567,0.08,0.68
1,0.67,0.55
0.509641,0.95,0.8
0.000468893,0.32,0.05
0.0654398,0.21,0.57
1,0.46,0.36
0.170521,0.5,0.99
0.197342,0.9,0.57
0.915851,0.94,0.27
2.99E-06,0.89,0.01
0.462583,0.9,0.96
0.110861,0.18,0.67
0,0,0.28
0.126428,0.14,0.98
0.0448193,0.72,0.12
0.0380614,0.64,0.12
0.0064939,0.57,0.08
0.270211,0.19,0.3
0,0.82,0
0.233701,0.01,0.63
0,0.21,0
0.0157911,0.57,0.1
0.0356327,0.07,0.76
0,0.13,0
0.345559,0.38,0.78
0.00191187,0.93,0.59
0.0623224,0.59,0.14
0.419387,0.73,0.91
0.0474331,0.48,0.14
0.0222105,0.24,1
0.504126,0.31,1
0.205338,0.41,0.91
0.103055,0.05,0.33
0.0546867,0.94,0.92
0.283388,0.29,0.74
0.221334,0.69,0.66
0.478057,0.18,0.73
1,0.68,0.5
0.00778313,0.03,1
0.0508292,0.19,0.19
1,0.64,0.39
0,0,0.45
0.239292,0.45,0.22
0.514747,0.28,0.72
0.21551,0.63,0.19
0.389093,0.24,0.96
0.00442127,0.59,0.81
0.637791,0.55,0.77
0.366664,0.05,0.99
0.328097,0.28,0.93
1,0.46,0.61
0.523502,0.05,0.6
0.0806028,0.89,0.4
0.00088043,0.42,0.88
0.000490517,0.55,0.82
0.507623,0.45,0.28
0.0598601,0.33,0.78
0.0069766,0.01,0.25
0.827553,0.86,0.91
0.725323,0.71,0.93
0,0.62,0
0.49491,0.25,0.94
0.118291,0.92,0.44
0.448913,0.1,0.93
0.923126,0.86,0.79
0.894965,0.79,0.53
0.138344,0.85,0.62
0.520883,0.18,0.49
0.00548064,0.74,0.07
0.378454,0.06,0.68
0.010909,0.11,0.15
0.289388,0.88,0.96
0,0,0.3
0.630397,0.39,0.98
0.0311921,0.71,0.11
2.11E-05,0.13,0.03
0.20996,0.35,0.89
0.301178,0.71,0.66
0.856515,0.73,0.83
0.0348465,0.6,0.12
0.154959,0.31,0.22
0.0160851,0.78,0.09
0.0124217,0.84,0.95
0.0653914,0.29,0.98
1,0.38,0.5
0.285646,0.26,0.5
0.0373778,0.26,0.16
0.000740964,0.06,0.09
0.71013,0.91,0.54
0.205144,0.74,1
0.101902,0.7,0.88
0.561453,0.29,0.9
0.225688,0.26,0.51
0.0360835,0.86,0.59
0.590984,0.42,0.78
1,0.65,0.51
0.0275774,0.77,0.98
1,0.33,0.41
0.000932125,0.05,0.1
0.580439,0.46,0.76
0.803526,0.63,0.73
0.0135174,0.22,0.13
1,0.67,0.4
0.174152,0.26,0.24
0.534127,0.22,0.37
0.087244,0.87,0.72
0.0113986,0.19,0.13
0.0890074,0.14,0.24
0.000131791,0.03,0.07
0.439917,0.14,0.39
0.0896065,0.31,0.19
0.000735476,0.15,0.07
0.0801812,0.98,0.83
0.00678647,0.31,0.78
0.0399307,0.42,0.14
0.352869,0.02,0.9
0.449733,0.12,0.89
1,0.58,0.44
0.29351,0.81,0.47
0.255214,0.83,0.18
0.830656,0.7,0.3
1,0.66,0.44
1.30E-05,0.34,0.02
0.00619819,0.23,0.58
0.527357,0.06,0.57
0.0397099,0.66,0.12
0.000854743,0.51,0.05
0.472652,0.05,0.67
0.0256674,0.32,0.95
0.822498,0.76,0.55
0.330437,0.12,0.91
0.301243,0.63,0.94
0.453657,0.47,0.95
1,0.44,0.62
1,0.54,0.53
0.863784,0.73,0.7
0.0795915,0.58,0.15
0.0962898,0.39,0.18
0.929553,0.86,0.9
0.0861882,0.3,0.19
0.123905,0.66,0.62
0.00230973,0.39,0.07
0.116677,0.56,0.8
0.50687,0.38,0.85
0.00614812,0.04,0.17
0.00965236,0.54,0.09
0.000877267,0.52,0.05
0.0217684,0.96,0.09
0.774579,0.95,0.79
0.590239,0.33,0.87
0.000530423,0.02,0.11
0.0019458,0.07,0.11
0.009018,0.03,0.96
0.56895,0.83,0.23
1,0.67,0.57
0.0765418,0.18,0.86
0.0959567,0.13,0.25
0.278496,0.93,0.85
0.565953,0.37,0.85
0.00144613,0.17,0.08
1,0.49,0.47
0.0940937,0.29,0.59
0.96206,1,0.86
0.0129739,0.67,0.09
0.00380392,0.88,0.06
1,0.57,0.46
0.772478,0.71,0.82
0.386684,0.91,0.75
0.31847,0.11,0.8
0.667836,0.93,0.54
0.0461634,0.21,0.18
0.804746,0.96,0.67
0.722756,0.49,0.78
0.538827,0.99,0.46
0.00437731,0.38,0.74
0.0405444,0.67,0.12
0.554055,0.27,0.72
0,0,0.71
1,0.54,0.42
0.16878,0.29,0.23
0.700468,0.92,0.48
0.943018,0.95,0.78
0.0117805,0.34,0.11
0.00586155,0.19,0.11
0.737131,0.82,0.55
0.100619,0.29,0.2
0.493628,0.08,0.91
0.58736,0.32,0.34
0.245893,0.65,0.93
0.386054,0.6,0.77
0.00744959,0.63,0.08
1,0.38,0.43
0.461377,0.06,0.97
0.521179,0.44,0.82
0.00199644,0.87,0.6
1,0.58,0.61
1,0.4,0.51
0.0895928,0.89,0.74
1,0.41,0.66
1,0.4,0.37
0.0332803,0.58,0.12
0.576278,0.18,0.78
0.293391,0.99,0.37
1,0.64,0.36
1,0.62,0.52
0.0109136,0.08,0.75
0.51872,0.08,0.92
0.00845203,0.19,0.63
1.64E-05,0.41,0.02
0.395321,0.29,0.47
0.573924,0.17,0.79
0.769799,0.73,0.56
1.13E-06,0.44,0.01
0.955368,0.94,0.78
0.937479,0.88,0.99
4.55E-05,0.86,0.02
0.597811,0.21,0.73
0.534494,0.08,0.56
1,0.4,0.44
0.0364349,0.49,0.13
1,0.42,0.6
0.418812,0.2,0.7
0.196445,0.5,0.95
0.88431,0.84,0.32
0.0361589,0.14,0.19
1,0.62,0.34
0.52294,0.09,0.56
1,0.58,0.64
0.0632495,0.05,0.29
0.829994,0.66,0.32
0.402368,0.92,0.81
0.846063,0.83,0.79
2.07E-06,0.69,0.01
0.886583,0.87,0.32
0.553043,0.64,0.83
1,0.63,0.54
0.0094489,0.54,0.82
0.469852,0.62,1
0.509952,0.02,0.77
0.491832,1,0.89
0.0490546,0.03,0.31
0.000271203,0.42,0.04
0.942492,0.89,0.89
0.0693977,0.21,0.2
0.635581,0.44,0.81
0.254535,0.09,0.65
0.00358921,0.03,0.16
0.0822508,0.13,0.24
0.6924,0.39,0.82
0.674429,0.38,0.83
4.86E-05,0.9,0.02
0.436791,0.27,0.47
1,0.58,0.52
1,0.45,0.48
0.789547,0.6,0.98
1,0.67,0.59
0.0499028,0.62,0.13
0.231177,0.04,0.44
0.927902,0.92,0.89
0.833643,0.84,0.27
0.558306,0.32,0.88
0.571024,0.61,0.96
0.611797,0.6,0.27
0.13655,0.24,0.23
0.0797553,0.33,0.74
0.726605,0.72,0.27
0.00307607,0.76,0.06
0.47514,0.82,0.83
1,0.56,0.55
0.0148032,0.27,0.58
0.850324,0.99,0.48
0.269705,0.1,0.63
0.152567,0.12,0.29
0.322329,0.72,0.97
0.346002,0.42,0.76
1,0.32,0.56
0.581507,0.26,0.92
0.551389,0.2,0.39
2.39E-05,0.05,0.04
0.531663,0.09,0.5
2.85E-05,0.62,0.02
0.55734,0.28,0.66
0.0253405,0.8,0.1
1,0.41,0.37
0.830831,0.97,0.86
0.00283392,0.04,0.14
8.58E-05,0.42,0.03
0.709468,0.95,0.86
0,0,0.41
0.494348,0.21,0.98
0.283303,0.64,1
1,0.43,0.5
0.214354,0.85,0.17
0.103232,0.85,0.14
0.0577713,0.08,0.25
1,0.52,0.36
1,0.52,0.53
0.0708631,0.05,0.81
0.0411505,0.43,0.14
1,0.46,0.63
0.0824527,0.8,0.41
0.00580201,0.26,0.1
0.0351118,1,0.1
0.514568,0.03,0.7
0.714335,0.71,0.52
0.989824,0.98,0.87
0.3091,0.13,0.35
0.545692,0.34,0.32
0.465474,0.28,0.32
0.0185042,0.37,0.12
0.291669,0.78,0.39
0.616676,0.66,0.74
0.286148,0.94,0.91
0.236353,0.02,0.53
0.186878,0.42,0.21
0.166056,0.86,0.62
0.057882,0.62,0.93
1,0.47,0.49
1,0.53,0.58
0.117779,0.4,0.75
3.95E-05,0.78,0.02
1,0.35,0.48
0.441573,0.83,0.71
1,0.61,0.45
1,0.51,0.55
0.584152,0.3,0.89
0.104701,0.02,0.42
0.594765,0.19,0.44
0.369576,0.95,0.19
1,0.65,0.63
8.83E-05,0.86,0.6
0.0131931,0.96,0.42
0.736775,0.86,0.81
0.272852,0.71,0.4
1.33E-06,0.5,0.01
0.00214004,0.69,1
1,0.53,0.61
0.912664,0.84,0.31
0.798924,0.8,0.27
0.401918,0.37,0.79
0.333079,0.36,0.79
7.26E-05,0.14,0.04
0.159119,0.11,0.77
0.372237,0.26,0.75
0.516267,0.98,0.46
0.581724,0.69,0.25
2.60E-05,0.58,0.02
0.0612273,0.39,0.16
0.783123,0.72,0.93
0.0511755,0.16,0.2
0,0,0.5
0.572613,0.16,0.8
0.214594,0.09,0.66
1,0.6,0.42
0.509646,0.61,0.25
0.262571,0.52,0.86
0.273942,0.39,0.69
1,0.54,0.39
0.538944,0.99,0.21
0.00171633,0.79,0.43
0.811507,0.89,0.8
0.016545,0.3,0.79
0.594187,0.19,0.98
0.322952,0.85,0.38
0.461122,0.62,0.24
0.672787,0.87,0.24
0.726315,0.7,0.82
0.787892,0.79,0.93
1,0.61,0.46
0.264538,0.43,0.23
0.293803,0.94,0.74
0.462596,0.49,0.94
0.546434,0.1,0.5
0.661599,0.4,0.95
0.304862,0.16,0.97
0.106204,0.97,0.91
0.579555,0.71,0.37
0.0351084,0.98,1
0.12266,0.9,0.74
0.507157,0.78,0.49
0.0364238,0.67,0.91
0.438574,0.03,0.6
0.17402,0.22,0.88
0.189799,0.29,0.75
0.0145888,0.06,0.19
0.00710231,0.93,0.41
0.490434,0.55,0.78
4.93E-05,0.27,0.03
0.19959,0.04,0.81
0.123635,0.67,0.16
0.599695,0.71,0.25
0.00990152,0.4,0.1
0.00671678,0.41,0.09
0.392232,0.68,0.22
0.030694,0.18,0.87
0.448569,1,0.84
0.495624,0.07,1
0.0609636,0.42,0.7
0.669347,0.81,0.93
0.202423,0.6,0.19
0.878628,0.84,0.79
0.59446,0.2,0.74
0.538609,0.15,0.5
0.331965,0.75,0.96
0.587838,0.77,0.24
1,0.48,0.48
0.317166,0.81,0.77
1,0.42,0.39
0.00168545,0.83,0.05
0.0180134,0.28,0.13
0.078829,0.86,0.13
0,0.93,0
0.547506,0.19,0.78
0.499486,0.54,0.26
0.115188,0.73,0.78
0.0763822,0.3,0.52
0.000427217,0.16,0.06
0.050296,0.03,0.93
0.834635,0.73,0.53
0.154558,0.87,0.45
0.00306889,0.32,0.08
0.731949,0.54,0.9
0.794636,0.63,0.34
0,0.7,0
0.887818,0.81,0.8
0.0019252,0.55,0.95
0.710976,0.68,0.94
0.00265932,0.05,0.13
0.562408,0.39,0.84
0.511689,0.95,0.21
0.000524495,0.35,0.05
0.762866,0.69,0.85
1,0.34,0.56
0.433624,0.98,0.36
0.876366,0.79,0.32
0.0345616,0.04,0.95
0.897805,0.8,0.31
0.12731,0.27,0.83
0.455245,0.19,0.36
0.40261,0.78,0.38
0,0.3,0
0.0135191,0.69,0.09
0.000680494,0.14,0.07
0.0124378,0.65,0.09
2.89E-06,0.87,0.01
1,0.68,0.47
0.416579,0.74,0.96
0.968369,0.94,0.51
0.224863,0.88,0.71
0.632966,0.91,0.23
1,0.68,0.54
0.145687,0.42,0.9
0.305537,0.12,0.78
0.519454,0.25,0.46
0.751148,0.53,0.75
0.0253995,0.37,0.13
0.0180497,0.07,0.77
0.70887,0.54,1
0.490381,0.13,0.42
0.174698,0.68,0.99
0.524539,0.17,0.4
0.329722,0.52,0.23
0.794543,0.68,0.85
0.0121873,0.89,0.08
0.075136,0.15,0.9
0.0861066,0.76,0.77
0.0569167,0.9,0.83
0.235517,0.93,0.38
0.00690388,0.3,0.1
0.342087,0.02,0.6
0.468485,0.01,0.83
0.396313,0.32,0.82
0.259897,0.68,0.92
0.480771,0.07,0.5
0.372477,0.78,0.78
0.189825,0.71,0.75
0.0677616,0.44,0.99
1,0.5,0.41
0.550951,0.77,0.57
0.0286044,0.97,0.4
0.588606,0.18,0.45
0.694483,0.68,0.73
0,0,0.24
0.548272,0.47,0.9
0.0950882,0.55,0.16
0.535101,0.43,0.77
0.0928297,0.54,0.16
0.00324386,0.29,0.55
0.170278,0.25,0.78
0.0340735,0.98,0.1
1,0.53,0.52
0.275062,0.79,0.95
1,0.33,0.58
0.65133,0.73,0.57
0.709581,0.6,0.29
0.50152,0.73,0.96
0.222338,0.84,0.39
1.25E-05,0.33,0.02
0.868465,0.78,0.68
0.149305,0.26,0.23
0.0972614,0.24,0.21
1,0.51,0.61
1,0.62,0.56
0.489763,0.98,0.94
0.000328517,0.98,0.71
1,0.55,0.46
0.321788,0.14,0.57
1,0.4,0.36
0.000850206,0.15,0.66
0.093435,0.17,0.23
0.119566,0.99,0.83
0.871838,0.76,0.53
1,0.59,0.37
0,0.75,0
0.893324,0.79,0.92
0.50048,0.01,0.94
0.0275829,0.65,0.11
0.186268,0.28,0.61
0.470964,0.28,0.46
0.027428,0.99,0.42
0.270282,0.75,0.19
0.706843,0.87,0.69
0,0.99,0
0.00623918,0.81,0.07
0.606267,0.39,0.32
1,0.65,0.4
0.00483647,0.96,0.58
0.242098,0.95,0.56
0.0965814,0.28,0.2
0.484544,0.84,0.88
0.314198,0.31,0.27
0.689281,0.89,0.97
0.615114,0.5,0.89
0.115427,0.85,0.4
0.00154519,0.46,0.06
0.000253223,0.1,0.06
1,0.55,0.64
0.619788,0.24,0.41
0.0403127,0.84,0.86
0.0169312,0.13,0.16
0.463743,0.16,0.99
0.307766,0.86,0.71
0.138629,0.38,0.2
0.0133808,0.11,0.99
0.000188854,0.75,0.03
0.92981,0.86,0.52
0.0246809,0.03,0.26
0.878379,0.8,0.32
0.368618,0.88,0.82
0.514752,0.53,0.87
0.0874799,0.16,0.23
1,0.43,0.37
0.222386,0.84,0.46
0.158127,0.74,0.78
0.19649,0.29,0.24
0.609236,0.79,0.36
0.295366,0.77,0.85
0.518891,0.68,0.68
0.673461,0.69,0.82
0.00406703,0.4,0.08
0.633463,0.27,0.69
0.296427,0.5,0.81
0.396705,0.05,0.5
1,0.59,0.55
1,0.47,0.33
0.623048,0.26,0.91
0.438389,0.41,0.84
0,0,0.82
0.642078,0.49,0.79
0.0916008,0.11,0.66
0.0509309,0.84,0.41
1,0.33,0.6
0.923808,0.95,0.87
0.547358,0.16,0.49
0.593328,0.28,0.43
0.184363,0.65,0.18
0.280424,0.67,0.88
1.51E-06,0.55,0.01
0.504024,0.01,0.9
0.114935,0.97,0.93
0.57103,0.22,0.71
3.30E-07,0.16,0.01
0.475692,0.78,0.84
0.118431,0.66,0.66
0.000281349,0.44,0.71
0.0124641,0.04,0.89
0.702623,0.87,0.88
1,0.38,0.45
0.792851,0.9,0.49
0.34405,0.93,0.81
0.290271,0.75,0.65
0.317976,0.05,0.46
1,0.62,0.42
5.68E-05,1,0.02
0.765936,0.61,0.72
1,0.57,0.35
4.17E-05,0.81,0.02
0.507428,0.25,0.74
0.0721812,0.24,0.55
0.000562672,0.37,0.05
0.0107116,0.18,0.13
0.185038,0.98,0.38
0.281189,0.26,0.76
0.188646,0.32,0.23
0.143473,0.63,0.67
0.991378,1,0.96
0.274089,0.47,0.96
1,0.39,0.37
0.530718,0.21,0.71
0.82813,0.97,0.25
0.69742,1,0.53
0.493298,0.24,0.47
0.0221543,0.61,0.93
0.0230268,0.91,0.93
0.527802,0.07,0.96
0.496362,0.03,0.65
0.000120866,0.05,0.06
1,0.62,0.54
0.00108996,0.61,0.05
1,0.59,0.35
0.836837,0.99,0.63
0.934048,0.89,0.66
0.0800709,0.49,0.86
0.615218,0.33,0.64
0.344892,0.86,0.63
0.698567,0.69,0.27
0.422245,0.27,0.93
0.58985,0.18,0.99
1,0.42,0.54
1,0.32,0.51
0.433331,0.05,0.52
0.000725287,0.06,0.82
0.623833,0.57,0.86
0.0425435,0.13,0.94
0.984292,1,0.3
0.146868,0.71,0.65
1,0.55,0.34
0.0492601,0.86,0.84
0.00201342,0.35,0.07
0.87219,0.99,0.52
0.367129,0.92,0.62
0.000666606,0.81,0.04
0.0808877,0.19,0.58
0.618353,0.26,0.69
0.00771897,0.73,0.88
0.191607,0.17,0.28
0,0,0.74
0.604809,0.21,0.74
0.39426,0.97,0.8
0.0142338,0.14,0.15
0.323819,0.58,0.22
0.00245239,0.19,0.87
0.485114,0.94,0.95
0.604731,0.36,0.33
0.574388,0.71,0.73
0.00208257,0.08,0.76
0.752797,0.55,0.88
0.186848,0.13,0.61
1.42E-05,0.2,0.61
0.503853,0.4,0.84
1,0.42,0.5
0.112828,0.75,0.15
0.233342,0.67,0.19
0.156629,0.49,0.19
0.445445,1,0.61
0.18831,0.97,0.44
0.271975,0.87,0.18
0.547821,0.14,0.8
0.0078001,0.46,0.09
0.0950048,0.71,0.42
0.589917,0.26,0.37
0.00381229,0.13,0.11
0.318108,0.57,0.7
0.25632,0.74,0.86
0.0452161,0.92,0.11
1,0.41,0.45
0.0497819,0.53,0.84
0.470591,0.51,0.26
0.900816,0.87,0.28
0.0286058,0.87,0.1
0.134809,0.83,0.4
0.0125489,0.48,0.1
0.124153,0.3,0.59
0.536954,0.71,0.24
0.42211,0.2,1
1,0.47,0.54
0.619104,0.24,0.92
0.529836,0.06,0.58
0.0216719,0.06,0.21
1,0.39,0.51
0.341026,0.1,0.39
0.0163847,0.81,0.74
0.637376,0.96,0.47
0.000471926,0.88,0.42
0.0829624,0.85,0.84
0.000368731,0.53,0.04
0.188096,0.66,0.18
0.860069,0.77,0.93
0.292963,0.2,0.53
0.714742,0.82,0.82
0.501107,0.28,0.33
0.509508,0.02,0.76
1,0.34,0.59
0.387378,0.06,0.95
0.110497,0.77,0.41
1,0.41,0.67
0.124839,0.29,0.94
8.78E-07,0.03,0.02
0.00815849,0.89,0.59
0.348965,0.91,0.19
0.0724998,0.37,0.17
0.231158,0.44,0.84
0.210534,0.06,0.91
1,0.49,0.6
0.0330488,0.96,0.1
0.0752924,0.35,0.73
1,0.48,0.46
0.952037,0.91,0.78
0.280749,0.02,0.56
0.00633964,0.56,0.08
0.879938,0.76,0.31
0.580633,0.34,0.33
0.000661995,0.42,0.05
0.833243,0.99,0.78
1,0.53,0.53
0.0890241,0.24,0.85
0.589499,0.18,0.77
0.2202,0.22,0.27
0.231997,0.78,0.47
0.502426,0.9,0.63
0.475766,0.24,0.34
0.330973,0.47,0.82
0.811904,0.98,0.95
0,0,0.33
0.00039786,0.28,0.05
0.122382,0.05,0.93
0.539999,0.08,0.94
0.610513,0.54,0.73
1,0.34,0.55
0.114246,0.09,0.29
0.0542584,0.14,0.92
0,0,0.26
0.000402423,0.83,0.74
0.595238,0.22,0.4
0.24489,0.82,0.39
0.490264,0.86,0.82
0.207984,0.29,0.5
0.477901,0.64,0.24
0.0339804,0.28,0.96
4.54E-06,0.14,0.02
0.298608,0.17,0.32
0.65368,0.89,0.91
0.594942,0.64,0.26
0.055772,0.84,0.12
1,0.67,0.6
0.278421,0.13,0.9
0.0478235,0.18,0.19
1,0.36,0.54
0.00570758,0.38,0.73
0.560486,0.28,0.44
0.518938,0.18,0.39
0.00343239,0.35,0.08
0.149236,0.3,0.22
1,0.44,0.51
2.54E-05,0.57,0.02
1,0.55,0.58
0.0030184,0.75,0.06
0.127323,0.59,0.68
0.278803,0.45,0.23
0.924758,0.97,0.64
0.339752,0.16,0.34
0.644535,0.29,0.39
0.00870823,0.15,0.13
0.311373,0.68,0.4
0.659281,1,0.94
0.853458,0.86,0.89
0.484168,0.02,0.71
1,0.37,0.65
0.651649,0.87,0.35
0,0.65,0
0.313991,0.12,0.36
0.000727295,0.86,0.04
0.494933,0.33,0.31
0,0.04,0
0.84405,0.82,0.69
0.145791,0.13,0.28
0.585951,0.21,0.45
0.0585371,0.07,0.26
0.547382,0.15,0.43
0.222153,0.02,0.52
0.724703,0.89,1
0.127154,0.8,0.85
0.00584748,0.68,0.64
0.828664,0.78,0.28
1,0.42,0.49
0.71335,0.91,0.87
0.356785,0.74,0.79
1,0.41,0.65
0.0125918,0.91,0.08
0.00340345,0.4,0.73
0.0456947,0.73,0.12
0.608246,0.23,0.73
0.0327437,0.02,0.31
0.100284,0.09,0.28
0.815725,0.92,0.33
0.971143,0.96,0.5
0.0712827,0.44,0.16
0.526056,0.08,0.57
0.474812,0.13,0.54
0.815882,0.67,0.85
0.141496,0.74,0.16
1,0.68,0.49
0.140133,0.23,0.8
1,0.33,0.42
0.198002,0.04,0.42
0.0805069,0.11,0.25
0.362012,0.91,0.46
0.0968977,0.05,0.8
0,0.48,0
0.665953,0.46,0.94
0.857985,0.72,0.54
0.833211,0.74,0.29
0.000688982,0.01,0.14
0.043187,0.38,0.75
1,0.42,0.67
0.59989,0.22,0.72
0.127956,0.05,0.35
0.0258196,0.8,0.96
0.00666767,0.09,0.14
0.00313119,0.86,0.42
0.467503,0.56,0.91
0.585928,0.2,0.41
0.000860938,0.29,0.06
0.00205627,0.23,0.08
0.799595,0.66,0.3
0.875001,0.76,0.93
0.000719218,0.25,0.06
0.564399,0.98,0.35
0.0466563,0.59,0.13
0.0125087,0.12,0.71
0.603551,0.26,0.43
0.0363803,0.07,0.23
0,0,0.69
0.603548,0.88,0.97
0.000108916,0.09,0.05
0.587495,0.69,0.86
0.0166803,0.8,0.09
0.0881741,0.76,0.14
0.165439,0.19,0.26
0.380584,0.73,0.49
0.198547,0.05,0.95
0.00345364,0.53,0.07
0.179386,0.88,0.39
0.706699,0.91,0.24
0.661217,0.96,0.75
0.690648,0.67,0.36
1,0.65,0.38
0.00302092,0.02,0.17
0.0824154,0.24,0.8
0.560145,0.6,0.76
1,0.45,0.36
0.938043,0.93,0.5
1,0.34,0.53
0.039403,0.22,0.62
0.526046,0.68,0.74
0.0228533,0.17,0.16
0.0726893,0.74,0.87
0.939161,0.97,0.27
0.001332,0.25,0.07
1,0.57,0.45
0.0586623,0.87,0.12
0.147532,0.27,0.61
0.608898,0.88,0.23
0.984893,0.97,0.65
0.763063,0.98,0.75
0.4286,0.28,0.31
0.705659,0.61,0.85
0.573813,0.27,0.67
0.133341,0.27,0.77
0.0881276,0.22,0.21
0.0223971,0.42,0.87
0.549959,0.84,0.98
0.172918,0.98,0.93
1,0.44,0.56
0.676985,0.44,0.78
0.000972048,0.32,0.06
0.433613,0.74,0.73
0.664379,0.33,0.85
1,0.55,0.39
0.0184225,0.08,0.79
1,0.41,0.56
0.93374,0.91,0.52
0.513396,0.78,0.37
0.0150465,0.55,0.1
0.12888,0.06,0.89
0.00470843,0.02,0.19
0.426708,0.23,0.33
0.000309383,0.12,0.06
0.468207,0.22,0.69
1.33E-07,0.07,0.01
0.148112,0.72,0.75
0.106652,0.72,0.15
0.00447509,0.15,0.11
0.25937,0.84,0.18
0.0246219,0.87,0.59
0.196176,0.38,0.22
0.299704,0.88,0.46
1,0.6,0.62
0.0316797,0.91,0.43
0.120625,0.76,0.41
0.0013495,0.16,0.08
0.519631,0.04,0.64
0.000671659,0.85,0.6
0.429992,0.31,0.3
0.475446,0.25,0.47
0.866634,0.85,0.91
0.018208,0.85,0.09
0.653385,0.77,0.25
0.633221,0.29,0.41
0.378339,0.66,0.22
1.59E-05,0.4,0.02
0.0379887,0.87,0.74
0.541475,0.81,0.65
1,0.65,0.39
0.00445155,0.62,0.8
1,0.35,0.43
0.339711,0.2,0.92
0.0339888,0.11,0.2
1,0.37,0.35
0.501682,0.2,0.37
2.84E-07,0.14,0.01
0.00583947,0.2,0.62
0.314247,0.92,0.95
0.839457,0.91,0.26
1,0.51,0.47
1,0.32,0.54
0.0307328,0.24,0.81
0.520498,0.91,0.47
0.822191,0.71,0.95
1.55E-06,0.56,0.01
0.00144271,0.31,0.95
0.00806133,0.34,0.1
1,0.49,0.67
0.230093,0.19,0.92
0.687295,0.38,0.97
0.169045,0.04,0.82
0.0998046,0.83,0.14
0.0755511,0.12,0.24
0.0522403,0.24,0.61
0.0412438,0.64,0.8
0.593563,0.36,0.67
0.4432,0.67,0.23
0.467322,0.12,0.42
0.0496183,0.98,0.11
0.684501,0.45,0.8
0.253082,0.9,0.82
0.108879,0.16,0.69
8.06E-05,0.4,0.03
0.235987,0.83,0.63
2.03E-06,0.68,0.01
0.615066,0.36,1
0.0966522,0.67,0.15
0.0539338,0.29,0.17
0.683218,0.98,0.47
0.237129,0.83,0.94
1,0.6,0.43
1,0.66,0.49
0.00180523,0.87,0.05
0.00473767,0.45,0.08
0.0154171,0.56,0.1
0.319802,0.31,0.82
0.0469341,0.29,0.58
0.099756,0.2,0.65
1,0.61,0.42
0.00510263,0.33,0.09
0.00391244,0.76,0.76
0.298661,0.48,0.88
1,0.54,0.35
0.126167,0.3,0.51
0,0,0.67
0,0,0.47
0.86254,0.8,0.8
0.669822,0.72,0.26
0.0169662,0.49,0.97
0.406659,0.12,0.57
0.00233945,0.06,0.12
0.199442,0.69,0.18
0.915841,0.85,1
0,0.09,0
0.00470754,0.05,0.15
1,0.66,0.54
0.00931239,0.21,0.12
0.00815791,0.9,0.94
0.168094,0.24,0.53
0.479287,0.14,0.53
0.115439,0.47,0.97
0.422305,0.46,0.26
1,0.47,0.68
0.380869,0.54,0.79
0.35982,0.76,0.85
0.352402,0.08,0.42
1,0.56,0.44
0.0341501,0.28,0.54
0.952845,0.91,0.3
2.19E-05,0.51,0.02
0.719441,0.88,0.91
1,0.49,0.38
0.518416,0.46,0.28
0.0217596,0.89,0.41
0.621408,0.77,0.5
0.385687,0.45,0.9
0.450382,0.97,0.2
0.350308,0.98,0.45
0.000888006,0.11,0.08
0.00463847,0.13,0.67
0.174132,0.86,0.16
0.000703276,0.44,0.05
0.288229,0.18,0.83
0.16193,0.48,0.72
0.698023,0.75,0.51
0.0288609,0.72,0.43
0.00246684,0.65,0.06
0.330723,0.19,0.32
0.539966,0.7,0.81
0.590113,0.27,0.88
0.547091,0.11,0.52
0.000966218,0.46,0.99
1,0.49,0.57
0.492721,0.68,0.59
0.468871,0.31,0.31
0.000192085,0.32,0.04
0.0688558,0.3,0.58
0.0654545,0.5,0.15
0.528847,0.72,0.73
0.306589,0.69,0.6
0.000330376,0.24,0.05
1,0.53,0.54
0.571564,0.51,0.28
0.561476,0.14,0.49
0.0512673,0.23,0.18
0.0947505,0.8,0.14
0.153884,0.21,0.55
0.436861,0.18,0.81
1,0.59,0.64
0.485755,0.39,0.29
0.0650455,0.64,0.66
1,0.39,0.48
0.53351,0.23,0.75
1,0.57,0.48
0.0063312,0.15,0.12
0.554721,0.66,0.25
0.679617,0.67,0.27
0.158278,0.16,0.27
0.284608,0.5,0.87
0.662152,0.42,0.96
0.542435,0.91,0.63
0.0153998,0.42,0.11
0.22014,0.23,0.79
0.919904,0.94,0.52
0.418058,0.17,0.36
0.537858,0.58,0.26
0.520929,0.9,0.81
0.202223,0.39,0.22
0.425462,0.08,0.62
0.295528,0.37,0.25
0.000487609,0.41,0.72
1,0.56,0.61
0.613711,0.4,0.83
0.592833,0.35,0.33
0.194159,0.03,0.45
0.0351654,0.08,0.22
0.646526,0.33,0.36
0.00183725,0.93,0.83
0.000181717,0.73,0.03
0.0358495,0.34,0.77
0.0325416,0.95,0.1
0.595968,0.76,0.5
1.49E-06,0.05,0.02
0.366406,0.29,0.29
0,0,0.31
0.54749,0.18,0.48
0.52204,0.12,0.53
0.337358,0.47,0.24
1,0.53,0.46
0.179814,0.88,0.16
1,0.63,0.52
0.442157,0.13,0.55
0.490537,0.09,0.47
0.311983,0.73,0.2
0.374946,0.46,0.25
0.0204085,0.04,0.23
0.633347,0.57,0.28
0.00254087,0.42,0.07
0.752744,0.67,0.35
0.000350181,0.51,0.04
0.393312,0.43,0.26
0.57692,0.84,0.23
0.000934552,0.31,0.06
0.869025,0.76,0.32
0.54483,0.09,0.53
0.00446082,0.98,0.06
0.180655,0.64,0.18
1,0.52,0.56
0.449758,0.18,0.51
0.448318,0.02,0.85
0.463097,0.78,0.22
0.836576,0.82,0.33
0,0.14,0
0.0280155,0.51,0.12
0.0290193,0.17,0.17
0.00231528,0.17,0.09
0.59757,0.98,0.62
0.623574,0.3,0.69
0.654105,0.73,0.36
0.740058,0.68,0.28
1,0.48,0.42
0.0307238,0.91,0.94
0.26692,0.21,0.29
0.430743,0.38,0.28
0.0261988,0.08,0.74
0.00437204,0.08,0.13
0.265373,0.87,0.71
0.115955,0.93,0.94
0,0,0.66
0.000223904,0.05,0.07
0.381547,0.18,0.95
0.201553,0.09,0.34
0.65714,0.79,0.56
0.681781,0.4,0.82
0.807197,0.63,0.72
1,0.37,0.46
1,0.65,0.6
0.504606,0.37,0.3
0.00352641,0.17,0.1
1,0.38,0.39
0.908139,0.83,0.68
1,0.42,0.66
1,0.6,0.54
0.0404397,0.71,0.46
0.160709,0.37,0.21
2.36E-05,0.54,0.02
0.856142,0.72,0.32
0.559984,0.12,0.85
1,0.39,0.4
0.0962106,0.03,0.37
0.849,0.76,0.29
0.34019,0.26,0.86
0.0649035,0.2,0.84
0.00596081,1,0.71
0.620334,0.6,0.71
0.456914,0.83,0.98
0.460167,0.45,0.27
0.000137108,0.27,0.8
0.175333,0.57,0.69
0.776801,0.65,0.86
0.0132145,0.73,0.77
0.443169,0.2,0.5
1,0.33,0.44
0.0625816,0.79,0.96
0.754412,0.66,0.73
0.324356,0.99,0.18
0.430364,0.74,0.66
0.627222,0.98,0.79
1,0.56,0.43
1,0.43,0.53
0.657188,0.65,0.74
0.503972,0.12,0.82
0.525215,0.58,0.71
0.872171,0.78,0.54
0.884032,0.98,0.52
0.000179408,0.01,0.1
0.00116485,0.64,0.05
0.0371749,0.3,0.53
0.310817,0.45,0.83
0.344818,0.17,0.54
6.68E-05,0.13,0.04
0.337114,0.53,0.23
0.141105,0.88,0.15
1,0.47,0.55
0.0320377,0.94,0.1
1,0.69,0.51
0.54536,0.18,0.79
0.42241,0.25,0.32
0.1174,0.93,0.14
0.195729,0.87,0.62
4.02E-07,0.19,0.01
0.00422473,0.82,0.61
0.612638,0.74,0.67
0.299768,0.65,0.76
0.317954,0.33,0.97
1,0.33,0.56
0.343101,0.06,0.45
0.468605,1,0.2
1,0.39,0.59
0.0517218,0.28,0.17
0.556239,0.91,1
0.366306,0.23,0.5
0.525996,0.22,0.7
0.770367,0.97,0.63
0.569906,0.14,0.47
0.000745444,0.46,0.05
0.239927,0.99,0.93
0.0711089,0.8,0.13
0.0985296,0.35,0.9
1,0.6,0.36
0.991378,1,0.28
0.00171506,0.84,0.05
0.718157,0.44,0.79
3.04E-06,0.9,0.01
0.00452903,0.99,0.06
1,0.36,0.36
0.487431,0.49,0.74
0.0444873,0.27,0.59
0.909995,0.82,0.91
0.107477,0.57,0.83
0.349774,0.4,0.77
0.256395,0.81,0.39
0.142884,0.07,0.33
0.693306,0.76,0.8
0.477843,0.31,0.63
0.22679,0.43,0.22
0.583204,0.72,0.96
0.835461,0.7,0.83
0.3125,0.25,0.5
0.00515819,0.17,0.11
0.0573411,0.37,0.16
1,0.47,0.62
1,0.45,0.45
0.214301,0.04,0.43
0.559789,0.21,0.76
0.553104,0.15,0.82
0.921732,0.9,0.67
4.07E-05,0.23,0.03
0.0397603,0.18,0.6
0.064319,0.01,0.44
0.595665,0.2,0.96
0.70909,0.42,0.8
0.135397,0.96,1
0.0172846,0.82,0.09
0.256738,0.91,0.38
0.476214,0.42,0.77
1,0.41,0.42
0.473821,0.04,0.58
0.00137226,0.42,0.06
0.0645444,0.28,0.18
0,0,0.12
0.461488,0.15,0.39
0.158407,0.68,0.17
3.87E-05,0.77,0.02
0.000207182,0.34,0.04
0.00368192,0.37,0.08
1,0.61,0.56
0.000897515,0.3,0.06
0.591754,0.28,0.36
1,0.31,0.46
0.0616131,0.9,0.12
0.102281,0.97,0.7
1,0.55,0.69
0.0387325,0.18,0.18
0.204878,0.21,0.66
0.45129,0.49,0.26
0.718024,0.44,0.94
1,0.35,0.47
0.61661,0.79,0.71
0.664616,0.84,0.65
0.00802363,0.47,0.09
0.68063,0.85,0.49
0.453159,0.36,0.8
0.0414802,0.05,0.26
0.375984,0.08,0.88
0.0997276,0.21,0.22
0.186305,0.13,0.3
0.0205474,0.69,0.1
0.811029,0.63,0.86
0.314283,0.77,0.78
0.395264,0.04,0.53
0.00283377,0.3,0.08
0.114142,0.53,0.17
0.583706,0.21,0.4
0.968346,0.95,0.3
0.715988,0.48,0.91
0.772465,0.68,0.83
0.0378538,0.86,0.41
0.289474,0.09,0.38
0.65341,0.59,0.28
0.0798553,0.4,0.17
0.771526,0.89,0.49
0.416328,0.28,0.47
0.0152093,0.75,0.09
0.385925,0.34,0.28
0.62949,0.29,0.67
0.317465,0.74,0.2
1,0.45,0.47
0.0171529,0.51,0.83
0.674616,0.36,0.99
0.140107,0.45,0.73
0.293198,0.47,0.23
1,0.63,0.58
0.667916,0.36,0.98
0.559934,0.36,0.81
1,0.32,0.57
1,0.39,0.54
1,0.34,0.44
0.639202,0.92,0.96
0.442167,0.24,0.33
0.0249865,0.19,0.86
0.164455,0.71,0.98
0.00101,0.33,0.06
0.102378,0.15,0.7
1,0.56,0.59
0.58202,0.52,0.28
0.0202604,0.1,0.18
0.347762,0.61,0.83
0.705984,0.95,0.34
0.390543,0.99,0.19
0.522726,0.55,0.72
0.046577,0.74,0.12
0.77456,0.69,0.96
0.847409,0.7,0.31
0.0174117,0.74,0.45
0.943199,1,0.31
0.458747,0.62,0.76
0.754156,0.75,0.27
0.767911,0.9,0.25
0.191854,0.67,0.18
1.37E-06,0.51,0.01
0.626005,0.95,0.68
1,0.49,0.54
0.202464,0.23,0.26
0.373994,0.41,0.26
0.775539,0.87,0.65
0.00501599,0.47,0.08
0.152094,0.78,0.16
0.632802,0.89,0.69
0.321875,0.13,0.58
0.366229,0.48,0.95
0.340899,0.9,0.46
1,0.32,0.42
0.217828,0.86,0.17
0.584571,0.32,0.64
0.656904,0.36,0.35
0.00871752,0.49,0.85
0.0575998,0.04,0.3
0.894099,0.87,0.89
0.640007,0.6,1
0.367676,0.11,0.39
0.727588,0.81,0.7
0.00220825,0.6,0.06
0.613953,0.92,0.35
0.543168,0.45,0.91
0.504336,0.26,0.46
0.493104,0.3,0.32
0.924922,0.87,0.9
1.23E-06,0.47,0.01
5.55E-07,0.25,0.01
0.201708,0.61,0.68
2.26E-06,0.3,0.78
0.0773774,0.37,0.89
0.46607,0.13,0.87
0.0626101,0.91,0.12
0.489863,0.53,0.26
0.14468,0.07,0.86
0.488138,0.18,0.5
0.0220832,0.76,0.88
0.766689,0.88,0.54
0.802982,0.75,0.28
5.93E-06,0.61,0.8
0.0131122,0.28,0.12
5.83E-05,0.75,0.62
0.691782,0.42,0.81
1,0.51,0.31
0.0134201,0.8,0.44
0.60458,0.21,0.43
7.39E-08,0.04,0.01
0.0723731,0.81,0.13
0.497303,0.4,0.29
0.795427,0.6,0.32
4.09E-05,0.8,0.02
0.425323,0.76,0.38
0.300663,0.17,0.84
1,0.31,0.48
0.00139117,0.76,0.44
1,0.39,0.45
0.868563,0.83,0.9
0.0921365,0.14,0.71
0.0218136,0.72,0.1
0.0535333,0.35,0.16
0.0560483,0.23,0.56
0.539771,0.87,0.36
1,0.64,0.38
0.037266,0.32,0.15
1,0.58,0.57
0.241567,0.33,0.8
0.424838,0.62,0.89
0.87795,1,0.66
0.88925,0.78,0.31
0.395736,0.51,0.8
0.661148,0.33,0.39
0.903482,0.84,0.68
0.463829,0.43,0.97
0.450657,0.36,0.29
0.0143774,0.18,0.14
0.0951615,0.66,0.77
0.666853,0.61,0.75
0.429626,0.17,0.97
0.78208,0.57,0.74
0.0561502,0.78,0.86
1.48E-06,0.54,0.01
0.0584877,0.02,0.36
0.164691,0.72,0.41
0.887092,0.89,0.32
0.759033,0.73,0.52
0.00103576,0.83,0.43
0.888696,0.92,0.77
0.273033,0.87,0.57
0.572931,0.97,0.35
8.09E-07,0.34,0.01
0.00361577,0.85,0.06
1,0.58,0.51
0.00539426,0.13,0.12
0.184198,0.36,0.22
0.248254,0.09,0.99
0.261612,0.08,0.38
0.773756,0.64,0.96
0.166451,0.76,0.89
0.221176,0.25,0.26
1,0.35,0.4
0.0154382,0.82,0.42
0.242478,0.17,0.3
0.379461,0.85,0.2
0.0660711,0.17,0.21
1,0.45,0.62
0.978531,0.98,0.28
0.457095,0.06,0.65
0.0688972,0.52,0.15
0.786222,0.62,0.97
0.00496418,0.69,0.07
0.00283064,0.14,0.1
0.0557498,0.79,0.76
0.188325,0.78,0.4
0.673189,0.61,0.28
0.00101707,0.58,0.05
0.0290858,0.88,0.1
1,0.66,0.55
1,0.55,0.65
0.0503051,0.81,0.62
0.00120591,0.23,0.07
0.441315,0.26,0.87
0.0533866,0.14,0.21
0.462298,0.83,0.37
0.92232,0.97,0.49
1,0.42,0.36
0.0653576,0.34,0.17
0.0747584,0.19,0.21
0.658818,0.79,0.79
0.221594,0.24,0.64
1,0.54,0.31
1,0.32,0.43
1,0.49,0.58
0.582014,0.86,0.92
0.499969,0.11,0.55
3.19E-06,0.93,0.01
0,0,0.61
0.377324,0.97,0.55
0.00375653,0.19,0.88
1,0.35,0.53
0.00195995,0.92,0.05
0,0.47,0
0.00486343,0.68,0.07
0.00133017,0.41,0.06
0.834823,0.76,0.92
0.000877318,0.91,0.42
0.7133,0.97,0.75
0.209748,0.13,0.91
0.00273837,0.14,0.66
0.202099,0.34,0.23
0.160996,0.43,0.2
0.00742355,0.3,0.95
0.0956829,0.7,0.47
0.88705,0.9,0.32
1,0.59,0.34
0.00279581,0.56,0.82
0.000416698,0.58,0.04
0.284419,0.41,0.76
0.00742671,0.51,0.97
0.560254,0.18,0.41
0.321032,0.73,0.86
0.661546,0.87,0.77
0.209494,0.71,0.48
0.104411,0.96,0.39
0.970419,0.98,0.51
0.198543,0.51,0.2
4.18E-06,0.13,0.02
0,0,0.54
3.66E-05,0.74,0.02
0.933435,0.88,0.67
0.438339,0.95,0.2
0.210385,0.91,0.92
0.045166,0.12,0.21
3.82E-06,0.12,0.02
0.292045,0.23,0.29
0.143947,0.13,0.62
8.39E-07,0.35,0.01
0.0756558,0.28,0.99
0.0900088,0.65,0.66
0.0934657,0.45,0.88
0.309724,0.51,0.72
0.000816075,0.93,0.04
0.784556,0.78,0.91
0.143596,0.04,0.99
0.000151027,0.64,0.79
0.225035,0.49,0.21
0.531822,0.52,0.27
0.254811,0.16,0.31
0.394747,0.08,0.63
0.000198901,0.08,0.06
1,0.36,0.53
0.00200963,0.56,0.06
0.188538,0.05,0.77
0.427778,0.65,0.23
0.349624,0.15,0.35
0.0491682,0.4,0.15
0.310585,0.1,0.62
0.295544,0.17,0.55
0.11376,0.07,0.31
0.0214283,0.54,0.11
0.575174,0.97,0.54
0.200998,0.8,0.95
0.660554,0.71,0.26
0.283086,0.12,0.6
1,0.57,0.47
0.081526,0.05,0.31
0.580525,0.94,0.22
1,0.45,0.34
0.477429,0.06,0.64
0.178673,0.02,0.97
0.294284,0.07,0.68
0.172224,0.16,0.87
1,0.44,0.42
3.24E-06,0.94,0.01
0.101479,0.08,0.29
0.665616,0.85,0.35
0.453869,0.02,0.68
0.888057,0.78,0.92
1,0.49,0.65
1,0.39,0.42
0.0523847,0.76,0.97
0.535735,0.19,0.39
0.240003,0.27,0.26
0.596332,0.78,0.24
0.14558,0.08,0.32
0.680284,0.99,0.34
0.219478,0.43,0.9
0.000909307,1,0.04
0.00589136,0.37,0.09
0.0967767,0.93,0.92
1,0.52,0.51
0.93976,0.96,0.31
0.629315,0.26,0.4
0.422687,0.88,0.63
0.000840027,0.09,0.75
1,0.51,0.51
1,0.41,0.47
0.752064,0.58,0.75
0.319105,0.16,0.85
0.352282,0.64,0.82
0.00055107,0.33,0.76
0.19727,0.94,0.16
0.00393164,0.9,0.06
0.0700726,0.01,0.45
0.00194756,0.77,0.87
0,0,0.19
0.0211007,0.94,0.09
0.588398,0.66,0.98
0.482078,0.72,0.23
0.0114944,0.83,0.42
0.28831,0.61,0.9
0.581346,0.18,0.46
0.828541,0.67,0.31
0.00125431,0.15,0.08
0.928009,0.88,0.51
0.0117068,0.79,0.87
0.812068,0.63,0.97
0.464836,0.11,0.43
1,0.49,0.46
0.104427,0.17,0.59
0.58007,0.19,0.77
0.96891,0.99,0.76
0.30384,0.55,0.22
1,0.43,0.48
0.0739805,0.85,0.86
0.283108,0.01,0.67
0.326171,0.69,0.98
0.265574,0.74,0.19
0.677343,0.91,0.48
0.574593,0.17,0.43
0.00316979,0.11,0.11
0.00751479,0.92,0.07
0.397183,0.61,0.23
0.649965,0.54,0.29
0.0439944,0.98,0.59
0.0821116,0.78,0.74
0.374471,0.58,0.23
0.00328006,0.51,0.07
0.604168,0.44,0.92
0.56681,0.25,0.73
0.00677116,0.34,0.75
0.850621,0.86,0.27
0.658283,0.32,0.39
0.0224452,0.98,0.09
0.0182408,0.06,0.8
0.00476352,0.67,0.07
0.882103,0.86,0.68
0.121155,0.66,0.16
0.331594,0.32,0.9
0.575007,0.18,0.42
0.018266,0.27,0.79
1,0.57,0.33
0.0826928,0.83,0.59
0.00296118,0.74,0.06
0.383423,0.92,0.46
0.295818,0.01,0.68
0.124742,0.9,0.61
0.93762,0.98,0.49
0.638817,0.83,0.24
0.54203,0.09,0.92
0.914977,0.83,0.8
0.257391,0.49,1
0.00776676,0.33,0.1
0.899754,0.87,0.66
0.619417,0.47,0.3
0.487423,0.03,0.64
0.0307421,0.85,0.61
1,0.56,0.58
0.0831305,0.89,0.44
0.61091,1,0.74
0.482807,0.41,0.98
0.537236,0.24,0.36
0.176964,0.87,0.16
0.340691,0.77,0.48
0.00182311,0.25,0.82
0.325572,0.08,0.65
0.503668,0.32,0.83
0.227988,0.4,0.69
0.410766,0.2,0.34
0.140112,0.62,0.17
0.53255,0.79,0.49
0.352256,0.89,0.92
1,0.59,0.49
0.923693,0.95,0.27
1.09E-06,0.43,0.01
0.0265533,0.38,0.91
0.30021,0.62,0.21
0,0.46,0
0,0.41,0
0.000681433,0.46,0.86
0.0213111,0.96,0.82
0.0591455,0.26,0.18
0.41206,0.11,0.58
0,0.95,0
0.520528,0.07,0.59
0.807516,0.62,0.73
0.874705,0.75,0.93
0.498089,0.35,0.81
0.491121,0.03,0.74
0.0370671,0.02,0.32
1,0.41,0.39
0.209092,0.03,0.46
0.147289,0.19,0.91
0.647997,0.32,0.4
0.392734,0.22,0.5
0.000230508,0.37,0.04
1.45E-06,0.01,0.03
1,0.35,0.57
1,0.49,0.48
1,0.64,0.49
0.521699,0.27,0.92
6.37E-07,0.28,0.01
0.00696529,0.6,0.08
0.00496238,0.77,0.62
0.23703,0.94,0.61
0.294664,0.7,0.87
0.715164,0.92,0.24
0.744291,0.49,0.77
6.82E-06,0.2,0.02
1,0.48,0.34
0.0673764,0.28,0.59
1,0.46,0.35
0.0962407,0.97,0.39
0.106393,0.21,0.56
0.0543862,0.2,0.58
0.157055,0.31,0.59
0.0123051,0.24,0.57
0.596834,0.69,0.37
0.859022,0.72,0.31
0.254794,0.05,0.75
0,0.68,0
1,0.63,0.44
3.25E-05,0.19,0.03
0.0125482,0.27,0.12
1,0.43,0.56
0.0382965,0.04,0.27
0.27969,0.87,0.46
0.0239466,0.87,0.84
0.0128825,0.47,0.86
0.0555561,0.79,0.6
0.44719,0.04,0.72
0.000778964,0.81,0.61
0.78663,0.79,0.7
1,0.6,0.41
0.0040077,0.19,0.1
0.213855,0.1,0.8
0.123076,0.06,0.33
0.492119,0.23,0.35
0.758908,0.64,0.35
0.654227,0.46,0.8
0.107029,0.02,1
0.377064,0.31,0.99
0.475122,0.02,0.7
0.00930052,0.83,0.6
3.29E-06,0.95,0.01
0.0822401,0.73,0.64
0.783911,0.74,0.71
0.207239,0.32,0.91
1,0.65,0.49
0.527818,0.09,0.93
0.203858,0.98,0.44
3.45E-05,0.2,0.03
0.000798167,0.75,0.98
0.841313,0.69,0.31
0.602662,0.59,0.97
0.00120666,0.38,0.06
1,0.44,0.35
0.569356,0.73,0.67
0.147472,0.4,0.2
1,0.5,0.69
0.624235,0.57,0.98
0.0130021,0.93,0.08
0.150011,0.67,0.66
0.733242,0.92,0.9
0.0074209,0.13,0.13
0.300913,0.44,0.9
0.0271449,0.39,0.13
0.314894,0.21,0.52
0.890897,0.81,0.52
0.01763,0.47,0.98
0.384206,0.38,0.94
0.790595,0.59,0.74
1,0.6,0.34
0.239406,0.38,0.87
0.00162688,0.81,0.05
0.473015,0.88,0.76
0.00159793,0.8,0.05
1,0.33,0.49
0.17061,0.03,0.88
0.0930889,0.79,0.14
0.0004291,0.97,0.41
0.345197,0.18,0.33
0.792215,0.74,0.34
0.0391496,1,0.81
0.636732,0.32,0.36
0.250884,0.02,0.54
0.00313421,0.77,0.06
1,0.35,0.6
0.615569,0.25,0.92
0.0108136,0.12,0.97
0.00714324,0.43,0.09
0.407786,0.14,0.55
3.05E-05,0.65,0.02
0.56562,0.41,0.83
1,0.35,0.54
0.000107919,0.5,0.03
0.0025029,0.9,0.84
1,0.32,0.49
1,0.44,0.41
0.00205544,0.95,0.05
0.0801471,0.87,0.13
0.220928,0.07,0.7
1,0.37,0.47
0.0272741,0.99,0.92
0.0828292,0.04,0.33
0.0618404,0.15,0.69
0.795161,0.72,0.34
2.94E-06,0.02,0.03
1,0.41,0.36
0.00279228,0.71,0.06
0.769408,0.6,0.86
0.501781,0.17,0.81
0.0164766,0.26,0.13
1,0.53,0.38
0.451333,0.27,0.32
0.0809251,0.04,0.97
0.405895,0.79,0.21
1,0.33,0.51
0.62916,0.28,0.38
0.718697,0.46,0.79
0.242707,0.93,0.17
1,0.48,0.45
0.935093,0.89,0.79
0.260892,0.28,0.62
0.550816,0.98,0.54
0.0330631,0.74,0.11
0.564846,0.48,0.75
1,0.46,0.68
0.000147761,0.63,0.03
0.010025,0.92,0.41
0.0763069,0.98,0.7
0.398857,0.89,0.37
0.0213881,0.71,0.1
7.29E-05,0.37,0.03
0.0662727,0.16,0.68
0.502187,0.05,0.65
0.512359,0.04,0.67
0.120218,0.01,0.52
0.113825,0.63,0.16
0.561711,0.78,0.9
0.114089,0.77,0.74
0.236666,0.92,0.45
0.32191,0.55,0.79
0.3379,0.05,0.47
3.11E-05,0.66,0.02
1,0.44,0.61
0.558953,0.97,0.62
0.0944776,0.23,0.86
4.88E-06,0.74,0.44
1,0.65,0.59
0.14567,0.9,0.15
0.166177,0.14,0.9
0.00122438,0.22,0.84
0.00216966,0.28,0.79
0.00840183,0.39,0.9
0.405694,0.09,0.86
0.0128963,0.27,0.81
0.30204,0.14,0.34
0.365396,0.18,0.82
0.496628,0.04,0.6
0.00145962,0.1,0.72
0.644418,0.56,0.9
0.00223438,0.38,0.07
0.548984,0.19,0.96
9.15E-06,0.06,0.03
0.561947,0.17,0.42
0.190979,0.22,0.65
0.157331,0.95,0.15
0.0252176,0.15,0.17
0.0294966,0.53,0.82
0.665619,0.53,0.88
0.21112,0.62,0.19
0.417023,0.31,0.9
0.617906,0.24,0.42
1,0.31,0.47
0.272961,0.94,0.45
0.417181,0.3,0.3
0.276516,0.58,0.21
0.000481642,0.7,0.63
1,0.64,0.53
1,0.44,0.64
0.00665136,0.06,0.81
1,0.4,0.66
0.61465,0.23,0.42
0.00485722,0.05,0.85
0.147974,0.91,0.15
0.468166,0.35,0.87
0.670842,0.88,0.69
0.538534,0.56,0.98
0.000190398,0.82,0.43
1,0.46,0.49
0.799271,0.79,0.67
1,0.43,0.32
0.15496,0.24,0.63
0.0840835,0.54,0.81
0.00399618,0.91,0.06
1,0.41,0.57
0.0337282,0.96,0.4
0.931591,0.91,0.31
0.505324,0.71,0.92
0.891904,0.91,0.27
0.664933,0.34,0.85
0.807926,0.64,0.31
1,0.63,0.56
0.00189442,0.17,0.63
0.586841,0.4,0.79
0.475415,0.69,0.81
0.61703,0.84,0.7
0.0176661,0.94,0.58
0,0.19,0
0.370714,0.55,0.71
1,0.51,0.66
0.0573745,0.41,0.87
1,0.35,0.58
0.000222392,0.84,0.03
0.214159,0.68,0.88
0.00487611,0.46,0.08
0.265982,0.3,0.99
0.754683,0.74,0.56
0.577983,0.18,1
0.118247,0.46,0.18
0.0758656,0.81,0.45
0.325401,0.05,0.98
0.212561,0.77,0.47
0.0147428,0.36,0.92
0.0917524,0.41,0.7
0.0340958,0.91,0.6
0.355207,0.71,0.21
6.93E-07,0.3,0.01
0.108459,0.88,0.14
0.504695,0.04,0.68
0.696906,0.43,0.95
0.405313,0.13,0.56
0.00467927,0.94,0.41
0.380404,0.97,0.9
0.0706414,0.53,0.15
0.574761,0.31,0.34
0,0,0.97
0.0719084,0.02,0.38
0,0,0.1
1,0.35,0.52
1,0.55,0.59
1,0.55,0.44
0.390441,0.1,0.41
0.014267,0.99,0.08
0.288244,0.08,0.66
0.00247223,0.18,0.09
0.113015,0.52,0.85
0.122987,0.11,0.28
0.83493,0.67,0.32
0.0017449,0.85,0.05
1,0.36,0.63
0.0850091,0.85,0.96
0.217166,0.65,0.67
0,0,0.11
0,0,0.57
0.0148464,0.31,0.12
0.408604,0.19,0.94
0.0215178,0.13,0.17
1,0.52,0.55
0.00428885,0.41,0.88
0.558489,0.14,0.45
0.447163,0.17,0.37
0.00412665,0.93,0.06
0.000739705,0.87,0.04
0.490257,0.87,0.7
1,0.47,0.47
0.0335887,0.16,0.67
0.859012,0.87,0.27
0.0228522,0.34,0.13
0.174192,0.31,0.92
0.675605,0.92,0.8
0.646519,0.68,0.86
0.00305783,0.6,0.93
0.00049817,0.66,0.04
1,0.39,0.35
0.128648,0.69,0.16
0.00401327,0.04,0.9
0.0600615,0.11,0.67
0.0291049,0.21,0.16
0.828741,0.87,0.33
1,0.36,0.43
0.545103,0.8,0.23
0.482599,0.58,0.25
0.486806,0.24,0.75
0.00558991,0.51,0.08
0.0521131,0.64,0.13
0.111792,0.26,0.61
0.0398163,0.09,0.22
0.528255,0.18,0.97
0.268723,0.56,0.92
0.412341,0.8,0.21
0.000128652,0.23,0.04
0.0473953,0.95,0.11
0.124642,0.79,0.98
0.906438,0.99,0.26
1,0.54,0.32
0.62026,0.26,0.42
0.526656,0.45,0.76
0.071992,0.05,0.3
0.511048,0.13,0.86
0,0.66,0
0.108696,0.73,0.15
0.258932,0.29,0.26
0.82226,0.89,0.26
1.15E-05,0.31,0.02
0.344533,0.54,0.23
0.7074,0.8,0.9
0.010823,0.14,0.14
0.228372,0.89,0.17
1,0.68,0.58
0.502687,0.67,0.87
0.812214,0.63,0.33
0.787361,0.85,0.26
0.456579,0.23,0.68
0.0492644,0.77,0.12
0.0433922,0.61,0.81
1,0.35,0.41
0.00936638,0.16,0.13
1,0.33,0.53
0.0658199,0.82,0.41
1,0.54,0.43
0.145757,0.48,0.87
0.00164501,0.16,0.64
0.214907,0.73,0.18
0.251174,0.76,0.96
0.397181,0.35,0.28
0.00318226,0.21,0.61
0.40675,0.18,0.35
0.144083,0.26,0.84
0.190615,0.7,0.91
0.161577,0.1,0.31
0.670235,0.79,1
0.303721,0.98,0.37
0.903851,0.82,0.53
0.0549401,0.79,0.74
0.0144829,1,0.08
0.906808,0.91,0.79
0.0759337,0.37,0.76
0.546645,0.97,0.68
3.05E-06,0.88,0.73
0,0,0.87
0.852327,0.73,0.3
0.0010832,0.21,0.07
0.728223,0.74,0.35
0.0350645,0.55,0.94
0.292607,0.51,0.94
0,0,1
0.603166,0.31,0.35
0.153609,0.8,0.46
0.551777,0.25,0.36
0.74946,0.66,0.95
0.148045,0.17,0.58
0.387548,0.64,0.94
0.0815781,0.15,0.23
0.505523,0.2,0.99
1,0.62,0.62
0.0292498,0.14,0.18
1,0.49,0.33
0.0280661,0.82,0.75
0.597032,0.8,0.83
0.608695,0.43,0.96
0.479745,0.71,0.67
1.80E-05,0.44,0.02
0.579973,0.16,0.79
0.216871,0.59,0.83
0.203089,0.18,0.28
0.107855,0.28,0.95
0.000810358,0.49,0.05
0.238139,0.59,0.2
0.0191439,0.21,0.62
0.165867,0.38,0.21
0.745613,0.94,0.48
0.505976,0.26,0.34
0.00419828,0.41,0.08
0.142325,0.86,0.96
0.407352,0.06,0.67
0.44085,0.01,0.8
0.419415,0.57,0.24
2.92E-05,0.63,0.02
1,0.47,0.69
0.6563,0.78,0.71
0.00867307,0.07,0.16
0.240997,0.85,0.46
0.126132,0.68,0.16
0.525672,0.64,0.99
0.00185824,0.14,0.09
0.927088,0.89,0.31
3.06E-07,0.15,0.01
0.0248877,0.79,0.1
0.0110234,0.43,0.72
0.201052,0.69,0.41
0.00650699,0.4,0.09
0.431399,0.31,0.83
0.0644368,0.27,0.78
0.537536,0.44,0.96
0.464321,0.21,0.49
0.586269,0.19,0.42
0.0409891,0.86,0.11
0.262304,0.98,0.69
0.117106,0.03,0.9
1,0.45,0.46
0.0217183,0.66,0.9
1,0.37,0.63
0.136303,0.72,0.16
0.570094,0.27,0.44
0.276038,0.14,1
1,0.36,0.39
0.00216632,0.11,0.1
0.558547,0.9,0.55
0,0.73,0
0.728114,1,0.47
0.000626362,0.13,0.07
0.161531,0.69,0.17
1,0.69,0.53
0.374785,0.96,0.19
0.254454,0.84,0.76
0.187957,0.87,0.75
0.407086,0.28,0.85
0.88423,0.8,0.92
0.14676,0.76,0.16
0.0529425,0.81,0.12
0.246127,0.93,0.74
1,0.48,0.37
0.926285,0.99,0.86
0.547054,1,0.35
0.838035,0.71,0.3
0.880178,0.81,0.32
0.584183,0.22,0.93
0.219877,0.99,0.44
7.80E-05,0.39,0.03
0.549766,0.29,0.44
0.744722,0.55,0.74
2.16E-06,0.71,0.01
0.329772,0.07,0.67
0.00941283,0.53,0.09
0.31047,0.56,0.22
0.112244,0.18,0.58
0.497289,0.08,0.59
0.000138135,0.6,0.03
0.119033,0.38,0.76
0.0269559,0.13,0.18
0.547416,0.59,0.26
0.633906,0.36,0.34
0.0402873,0.58,0.82
0.152746,0.03,0.42
0,0.59,0
0.0443589,0.3,0.16
0.0892377,0.19,0.22
0.321818,0.4,0.25
0.430559,0.09,0.44
0.460943,0.5,0.26
0.224456,0.17,0.85
1,0.35,0.49
0.0014565,0.75,0.05
0.0405422,0.88,0.85
0.393525,0.36,0.87
0.804571,0.7,0.56
0.808629,0.71,0.29
0.138209,0.18,0.85
0.0872862,0.02,0.4
0.00732946,0.04,0.93
0.00425358,0.2,0.1
1,0.59,0.42
0.505459,0.04,0.61
0.454412,0.32,0.89
0.719918,0.84,0.92
1,0.54,0.66
0.000296711,0.45,0.04
0.715247,0.97,0.98
0.0183806,0.14,0.16
0.550496,0.85,0.82
0.529157,0.47,0.28
0.0256705,0.05,0.23
0.0651775,0.8,0.45
0.17015,0.79,0.59
0.0277229,0.81,0.6
0.0762197,0.84,0.13
0.513477,0.76,0.23
0.0024922,0.22,0.59
0.500757,0.74,0.91
0.0659619,0.52,0.95
0.584282,0.82,0.36
0.618338,0.48,0.9
0.00965671,0.66,0.78
1,0.42,0.48
0.625054,0.62,0.88
0.0344489,0.3,0.15
0.00224416,0.08,0.11
0.483702,0.47,0.81
0.901981,0.84,0.53
0.167142,0.11,0.64
0.607509,0.22,0.43
0,0,0.2
0.361289,0.22,0.9
0.28581,0.39,0.77
0.553836,0.45,0.29
0.48583,0.63,0.83
0.00753188,0.88,0.84
1.89E-05,0.04,0.04
1,0.31,0.51
0.680243,0.57,0.29
0.000993216,0.57,0.05
0.0845503,0.11,0.97
0.656373,0.32,0.67
0.194805,0.97,0.38
0.0163815,0.79,0.09
0.270507,0.01,0.66
0.946445,0.9,0.51
0.55783,0.8,0.49
0,0,0.78
0.413726,1,0.36
0.49245,0.36,0.3
0.0642233,0.14,0.63
1,0.35,0.44
0.0672875,0.29,0.18
0.00817573,0.56,0.94
1,0.5,0.55
0.0181075,0.63,0.1
0.519386,0.05,0.59
0.728483,0.52,0.77
0.0305441,0.12,0.19
0.00642111,0.28,0.8
0.776657,0.65,0.73
1.13E-07,0.06,0.01
0.0191059,0.23,0.14
0.354698,0.39,0.26
0.130396,1,0.14
0.764226,0.74,0.68
0.241903,0.52,0.21
1,0.54,0.46
0,0.02,0
0.175359,0.3,0.23
0.543372,0.13,0.51
0.21812,0.28,0.25
0.971957,0.97,0.28
0.40324,0.96,0.55
0.51348,0.87,0.97
0.82951,0.66,0.96
0.702459,0.45,0.94
0.288576,0.37,0.94
0.528601,0.63,0.95
0.0371378,0.1,0.21
0.474619,0.14,0.78
0.826051,0.84,0.54
0.0671573,0.08,0.26
1,0.54,0.65
0.0383108,0.92,0.58
0.545089,0.37,0.31
0.796834,0.94,0.96
1,0.67,0.41
0.110183,0.85,0.94
0.609127,0.24,0.93
0.079347,0.02,0.39
0.0522504,0.37,0.92
0.934875,0.87,0.3
0.909228,0.83,0.31
1,0.37,0.48
0.603385,0.27,0.71
0.527765,0.07,0.54
0.508999,0.07,0.52
0.167512,0.87,0.86
0.0429287,0.11,0.74
0.423683,0.99,0.36
0.265764,0.15,0.32
0.856478,0.93,0.26
0.0309947,0.06,0.23
0.0978038,0.15,0.61
0.0181349,0.22,0.14
1,0.34,0.38
0.00335093,0.37,0.91
0.597755,0.2,0.44
1,0.35,0.45
2.60E-06,0.81,0.01
0.385269,0.98,0.19
0.284559,0.78,0.19
0.596508,0.21,0.41
0.149395,0.91,0.39
0.0943849,0.21,0.88
0.067732,0.17,0.67
1,0.56,0.6
0.0490282,0.01,0.41
1,0.45,0.65
0.0775199,0.85,0.13
1,0.56,0.39
0.0777037,0.07,0.28
0.127508,0.17,0.25
0.000163092,0.13,0.05
0.202989,0.99,0.6
0.000346914,0.25,0.05
0.607858,0.88,0.55
0.554966,0.11,0.5
0.00312307,0.22,0.09
0.50932,0.03,0.67
0.333754,0.29,0.48
0.00192857,0.91,0.05
0.520157,0.96,0.62
0.552236,0.67,0.82
0.419335,0.65,0.82
0.000206053,0.16,0.05
0.579347,0.76,0.24
0.605989,0.93,0.35
1,0.53,0.34
0.00632862,0.64,0.65
0.0325831,0.18,0.65
0,0,0.96
1,0.46,0.58
1,0.5,0.43
0.55204,0.41,0.3
1,0.5,0.45
0.798904,0.86,0.54
1,0.6,0.56
0.818177,0.84,0.81
0.16607,0.6,0.18
0.139384,0.53,0.94
0.700105,0.93,0.68
0.00197253,0.99,0.82
0.0223983,0.09,0.19
3.53E-07,0.17,0.01
0.00263149,0.19,0.09
0.0829243,0.27,1
0.20531,0.49,0.82
0.0239457,0.09,0.77
0.00153096,0.04,0.12
0.663495,0.61,0.71
0.1763,0.23,0.25
1,0.53,0.36
0.484771,0.81,0.22
0.0632467,0.98,0.91
0.796234,0.71,0.34
1,0.61,0.41
0.675,0.35,0.65
0.0269986,0.64,0.11
1,0.45,0.37
0.161101,0.82,0.76
0.00588549,0.53,0.08
0.11768,0.38,0.71
0.274209,0.07,0.4
1,0.41,0.49
0.693255,0.41,0.8
0.209244,0.98,0.16
1,0.4,0.38
0.11417,0.59,0.79
0.566482,0.61,0.26
0.575803,0.21,0.94
0.765111,0.7,0.72
0.570098,0.15,0.45
0.35198,0.31,0.28
0.884689,0.77,0.31
0.357356,0.02,0.61
0.167333,0.04,0.4
0.253662,0.96,0.17
0.00317656,0.08,0.12
1,0.51,0.56
0.275117,0.14,0.33
0.379239,0.29,0.73
0.816942,0.72,0.29
1,0.61,0.66
0.536485,0.41,0.78
0.197604,0.44,0.21
0.67409,1,0.67
0.000585458,0.74,0.04
1,0.61,0.52
0.290065,0.85,0.83
0.00729595,0.98,0.92
0.406841,0.15,0.37
0.0221057,0.97,0.09
0.0169813,0.81,0.09
0.251438,0.25,0.27
0.492734,0.07,0.61
0.658594,0.5,0.75
0.116703,0.86,0.86
0.327563,0.11,0.93
1,0.57,0.42
0.0911895,0.72,0.61
0.935675,0.93,0.97
0.211805,0.24,0.26
0.961184,0.95,0.5
0.140777,0.79,0.88
0.821526,0.9,0.33
0.527681,0.63,0.25
9.66E-05,0.46,0.03
0.00338915,0.24,0.82
0.000729778,1,0.41
0.868469,0.79,0.54
1,0.57,0.67
0.68222,0.58,0.86
0.0088563,0.99,1
0.294256,0.09,0.64
0.0663387,0.99,0.81
0.0736463,0.82,0.13
0.00829135,0.11,0.14
0.000125703,0.56,0.03
1,0.38,0.63
0.211243,0.87,0.96
0.56681,0.33,0.83
0.329513,0.21,0.31
0,0.06,0
0.0488114,0.61,0.13
0.00012336,0.99,0.41
0.622536,0.25,0.4
0.274367,0.66,0.2
1,0.59,0.33
0.503154,0.67,0.24
0.218632,0.42,0.75
0,0,0.16
0.451504,0.86,0.21
0.393074,0.77,0.21
0.0201167,0.05,0.89
0.0658484,0.23,0.62
4.51E-07,0.21,0.01
0.00323314,0.9,0.59
0.110917,0.75,0.89
0.427585,0.21,0.34
0.174641,0.2,0.26
0.896963,0.8,0.68
0,0,0.07
0.420097,0.64,0.23
0.0257968,0.81,0.1
0.000791307,0.16,0.07
0.630049,0.59,0.89
0.655141,0.64,0.7
0.00469927,0.7,0.89
0.151698,0.2,0.25
0.620601,0.28,0.7
0.0137951,0.7,0.09
1,0.5,0.52
0.0111375,0.6,0.09
0.00325185,0.79,0.06
0.0200899,0.26,0.82
0.942592,0.99,0.31
0.0648362,0.93,0.73
0.55082,0.12,0.47
0.00847755,0.49,0.09
3.14E-06,0.92,0.01
0.113558,0.11,0.76
0.483278,0.01,0.85
0.425483,0.88,0.56
1,0.46,0.37
0.019312,0.66,0.1
1,0.41,0.64
0.79165,0.69,0.29
0.107284,0.29,0.76
0.00870794,0.5,0.09
0.0119872,0.88,0.08
1,0.51,0.35
0.378304,0.49,0.88
0.511684,0.9,0.36
0.679952,0.61,0.88
1,0.43,0.66
1,0.4,0.46
0.624064,0.29,0.37
1,0.67,0.51
0.249455,0.28,0.26
0.19874,0.25,0.63
0.0666652,0.95,0.12
0.000222046,0.3,0.55
0.103432,0.34,0.78
0.267751,0.86,0.18
0.198983,0.34,0.79
0.113841,0.58,0.95
0.496146,0.79,0.57
0.00191307,0.54,0.06
0.2845,0.03,0.84
0.529508,0.13,0.81
0.502433,0.1,0.56
0.158699,0.95,0.44
0.584901,0.85,0.23
0.000102221,0.48,0.03
0.617963,0.24,0.71
0.324673,0.32,0.27
0.36331,0.69,0.87
0.517811,0.73,0.5
1,0.56,0.64
0.116894,0.03,0.39
0.34181,0.27,0.29
0.639668,0.53,0.29
0.650835,0.6,0.85
0.60902,0.54,0.91
0.194055,0.07,0.36
0.00592968,0.01,0.24
0.707905,0.46,0.92
0.415404,0.05,0.51
0.500075,0.12,0.54
0.215332,1,0.16
0.0472991,0.08,0.73
0.367026,0.09,0.97
0.00657694,0.84,0.07
0.0926166,0.94,0.73
0.0942388,0.9,0.44
0.000483788,0.73,0.44
1.82E-06,0.63,0.01
0.486679,0.09,0.88
0.843714,0.69,0.71
0.472694,0.82,0.37
0,0.2,0
1,0.65,0.62
3.59E-05,0.73,0.02
1,0.45,0.63
0.919766,0.84,0.3
0.219875,0.11,0.33
0.820191,0.77,0.28
0.378309,0.65,0.68
0.79946,0.8,0.82
0.00374074,0.87,0.06
0.874137,0.78,0.32
0.536038,0.34,0.82
0.0408215,0.7,0.62
1,0.55,0.42
0.322973,0.75,0.2
0.0295066,0.33,0.14
1,0.59,0.39
0.127961,0.69,0.91
0.58485,0.17,0.78
0.0728198,0.78,0.6
0.0443002,0.61,0.79
0.104695,0.3,0.2
1,0.43,0.58
0.0666355,0.62,0.14
1,0.65,0.57
0.0330162,0.21,0.58
0.0660306,0.3,0.8
0.87418,0.77,0.54
0.0034623,0.24,0.09
0.0077577,0.94,0.07
0.0856218,0.04,0.85
0.836408,0.91,0.97
0.413073,0.14,0.38
1,0.54,0.51
0.835305,0.73,0.69
0.0946048,0.77,0.86
0.0015692,0.79,0.05
0.154971,0.94,0.15
0.593821,0.25,0.69
0.518664,0.62,0.25
0.554789,0.11,0.87
0.214848,0.95,0.38
0.491149,0.01,0.96
0.785564,0.61,0.31
1,0.65,0.55
0.114882,0.79,0.63
